tarih,coin,secilen_strateji,test_getirisi_yuzde,en_iyi_5
2026-09-05 04:23:43,BTC/USDT,SMA trend 100,19.47,SMA trend 100:+19.5% | SMA trend 200:+18.1% | Momentum 90:+16.4% | MA kesisme 50/200:+15.9% | MA kesisme 20/100:+14.8%
2026-09-05 04:23:43,ETH/USDT,MA kesisme 50/200,23.66,MA kesisme 50/200:+23.7% | Momentum 90:+18.3% | MA kesisme 20/100:+17.6% | SMA trend 100:+16.8% | SMA trend 200:+16.8%
2026-09-05 04:23:43,ZEC/USDT,SMA trend 200,87.75,SMA trend 200:+87.7% | Destek/Direnc kirilmasi:+84.0% | MA kesisme 50/200:+79.2% | Momentum 180:+73.8% | Momentum 90:+64.0%
2026-09-05 04:23:43,SOL/USDT,Momentum 180,33.82,Momentum 180:+33.8% | MA kesisme 50/200:+28.1% | Donchian 55/20:+27.1% | MA kesisme 20/100:+26.6% | ATR kirilma:+24.1%
2026-09-05 04:23:43,XRP/USDT,Donchian 20/10,37.58,Donchian 20/10:+37.6% | Donchian 55/20:+37.6% | SMA trend 200:+37.5% | Momentum 90:+33.2% | MA kesisme 20/100:+33.0%
2026-09-05 04:23:43,BNB/USDT,SMA trend 200,15.77,SMA trend 200:+15.8% | Donchian 55/20:+14.5% | Donchian 20/10:+12.7% | ATR kirilma:+11.7% | Momentum 90:+11.3%
2026-09-05 04:23:43,ENSO/USDT,Order Block,1.75,Order Block:+1.7% | Bollinger 20/2:-1.3% | Fair Value Gap:-1.7% | SFP (likidite avi):-3.1% | MA kesisme 50/200:-5.0%
2026-09-05 04:23:43,PROM/USDT,Donchian 55/20,144.01,Donchian 55/20:+144.0% | SMA trend 200:+126.5% | Dusuk oynaklik:+120.4% | SMA trend 100:+116.3% | Momentum 90:+89.8%
2026-09-05 04:23:43,NEAR/USDT,Dusuk oynaklik,38.67,Dusuk oynaklik:+38.7% | Momentum 90:+14.9% | ATR kirilma:+13.1% | MA kesisme 50/200:+12.4% | RSI 30/60:+9.3%
2026-09-05 04:23:43,DOGE/USDT,Donchian 20/10,27.49,Donchian 20/10:+27.5% | MA kesisme 20/100:+22.2% | ATR kirilma:+22.0% | MA kesisme 50/200:+16.9% | Donchian 55/20:+15.5%
2026-09-05 04:23:43,DASH/USDT,Donchian 20/10,98.02,Donchian 20/10:+98.0% | SMA trend 200:+85.2% | SMA trend 100:+84.6% | Destek/Direnc kirilmasi:+84.2% | Donchian 55/20:+79.7%
2026-09-05 04:23:43,ZKC/USDT,Fair Value Gap,62.78,Fair Value Gap:+62.8% | ATR kirilma:+55.6% | MACD:+40.0% | Destek/Direnc kirilmasi:+39.1% | Donchian 55/20:+35.4%
2026-09-05 04:23:43,UNI/USDT,Momentum 180,65.35,Momentum 180:+65.3% | MA kesisme 20/100:+62.0% | Momentum 90:+61.2% | Donchian 55/20:+59.7% | MA kesisme 50/200:+58.7%
2026-09-05 04:23:43,SUI/USDT,ATR kirilma,16.49,ATR kirilma:+16.5% | SMA trend 100:+11.7% | Donchian 55/20:+11.7% | Bollinger 20/2:+11.1% | Donchian 20/10:+8.9%
2026-09-05 04:23:43,ENA/USDT,Donchian 20/10,88.34,Donchian 20/10:+88.3% | Destek/Direnc kirilmasi:+80.8% | SMA trend 200:+66.7% | ATR kirilma:+57.1% | Momentum 180:+56.3%
2026-09-05 04:23:43,ADA/USDT,Donchian 55/20,21.92,Donchian 55/20:+21.9% | ATR kirilma:+21.3% | SMA trend 100:+20.1% | Momentum 90:+18.9% | Donchian 20/10:+17.6%
2026-09-05 04:23:43,SNDKB/USDT,Dusuk oynaklik,40.51,Dusuk oynaklik:+40.5% | Donchian 55/20:+36.5% | RSI 30/60:+20.6% | Momentum 180:+12.4% | MA kesisme 50/200:+11.5%
2026-09-05 04:23:43,TRUMP/USDT,MACD,60.6,MACD:+60.6% | SMA trend 200:+56.8% | MA kesisme 20/100:+52.2% | SMA trend 50:+48.8% | ATR kirilma:+43.1%
2026-09-05 04:23:43,PEPE/USDT,Donchian 55/20,35.08,Donchian 55/20:+35.1% | Fair Value Gap:+33.3% | ATR kirilma:+30.9% | SMA trend 50:+28.7% | Destek/Direnc kirilmasi:+28.7%
2026-09-05 04:23:43,SAHARA/USDT,Dusuk oynaklik,18.54,Dusuk oynaklik:+18.5% | Bollinger 20/2:+12.8% | Donchian 20/10:+7.4% | MA kesisme 20/100:+6.8% | MA kesisme 50/200:+5.6%
2026-09-05 04:23:43,LINK/USDT,Dusuk oynaklik,38.97,Dusuk oynaklik:+39.0% | SMA trend 200:+32.8% | MA kesisme 50/200:+31.7% | Momentum 90:+29.7% | SMA trend 100:+28.5%
2026-09-05 04:23:43,PUMP/USDT,MA kesisme 50/200,81.5,MA kesisme 50/200:+81.5% | Momentum 180:+73.3% | Donchian 20/10:+68.7% | SMA trend 200:+52.0% | ATR kirilma:+51.1%
2026-09-05 04:23:43,TRX/USDT,Destek/Direnc kirilmasi,3.9,Destek/Direnc kirilmasi:+3.9% | Donchian 20/10:+3.0% | Donchian 55/20:+2.3% | MA kesisme 20/100:+1.8% | Dusuk oynaklik:+1.7%
2026-09-05 04:23:43,ARB/USDT,Momentum 90,61.32,Momentum 90:+61.3% | Donchian 55/20:+55.5% | MA kesisme 20/100:+55.2% | SMA trend 100:+55.2% | SMA trend 200:+42.2%
2026-09-05 04:23:43,PAXG/USDT,MA kesisme 50/200,6.95,MA kesisme 50/200:+6.9% | Momentum 180:+6.0% | MA kesisme 20/100:+4.2% | Destek/Direnc kirilmasi:+3.5% | Dusuk oynaklik:+2.4%
2026-09-05 04:23:43,U/USDT,Donchian 55/20,0.0,Donchian 55/20:+0.0% | Donchian 20/10:+0.0% | RSI 20/50:+0.0% | SFP (likidite avi):+0.0% | Order Block:+0.0%
2026-09-05 04:23:43,XAUT/USDT,MA kesisme 50/200,6.73,MA kesisme 50/200:+6.7% | Momentum 180:+6.5% | MA kesisme 20/100:+4.6% | Destek/Direnc kirilmasi:+3.3% | Donchian 55/20:+2.8%
2026-09-05 04:23:43,ZEN/USDT,Destek/Direnc kirilmasi,67.66,Destek/Direnc kirilmasi:+67.7% | Momentum 90:+60.6% | SMA trend 100:+60.5% | Donchian 55/20:+53.9% | Dusuk oynaklik:+53.1%
2026-09-05 04:23:43,XPL/USDT,Dusuk oynaklik,31.11,Dusuk oynaklik:+31.1% | Bollinger 20/2:+20.1% | MA kesisme 20/100:+19.6% | Destek/Direnc kirilmasi:+17.5% | RSI 30/60:+16.0%
2026-09-05 04:23:43,TAO/USDT,ATR kirilma,16.95,ATR kirilma:+16.9% | MA kesisme 50/200:+10.7% | Donchian 20/10:+10.4% | Momentum 90:+9.2% | SMA trend 200:+7.3%
2026-09-05 04:23:43,ASTER/USDT,Bollinger 20/2,8.84,Bollinger 20/2:+8.8% | MA kesisme 50/200:+7.7% | Dusuk oynaklik:+6.0% | Momentum 90:+1.8% | Donchian 55/20:+1.7%
2026-09-05 04:23:43,LTC/USDT,MA kesisme 20/100,20.71,MA kesisme 20/100:+20.7% | Momentum 90:+18.5% | SMA trend 100:+15.1% | MA kesisme 50/200:+13.4% | SMA trend 200:+9.4%
2026-09-05 04:23:43,AVAX/USDT,Dusuk oynaklik,9.0,Dusuk oynaklik:+9.0% | RSI 30/60:+8.5% | Bollinger 20/2:+6.9% | Momentum 180:+4.1% | SFP (likidite avi):+2.6%
2026-09-05 04:23:43,AAVE/USDT,SMA trend 100,40.18,SMA trend 100:+40.2% | Destek/Direnc kirilmasi:+37.6% | MA kesisme 20/100:+36.8% | Donchian 55/20:+32.2% | Momentum 90:+30.6%
2026-09-05 04:23:43,WLD/USDT,Dusuk oynaklik,25.44,Dusuk oynaklik:+25.4% | RSI 30/60:+21.7% | SMA trend 100:+16.9% | Momentum 180:+10.9% | Bollinger 20/2:+8.8%
2026-09-05 04:23:43,CRCLB/USDT,Dusuk oynaklik,49.93,Dusuk oynaklik:+49.9% | SMA trend 200:+38.9% | MACD:+37.3% | Momentum 180:+36.7% | Momentum 90:+26.7%
2026-09-05 04:23:43,HEMI/USDT,MA kesisme 20/100,205.69,MA kesisme 20/100:+205.7% | Momentum 90:+164.9% | SMA trend 100:+136.4% | SMA trend 200:+130.5% | Dusuk oynaklik:+89.7%
2026-09-05 04:23:43,ONDO/USDT,Momentum 90,7.0,Momentum 90:+7.0% | Dusuk oynaklik:+6.4% | MA kesisme 50/200:+5.0% | Bollinger 20/2:+4.2% | RSI 30/60:+3.6%
2026-09-05 04:23:43,PENGU/USDT,Momentum 90,37.9,Momentum 90:+37.9% | Donchian 20/10:+36.2% | MA kesisme 50/200:+35.1% | SMA trend 200:+33.2% | SMA trend 100:+32.3%
2026-09-12 14:43:42,BTC/USDT,Momentum 90,16.84,Momentum 90:+16.8% | MA kesisme 50/200:+16.7% | MA kesisme 20/100:+15.6% | ATR kirilma:+14.9% | SMA trend 100:+14.3%
2026-09-12 14:43:42,ETH/USDT,MA kesisme 50/200,27.69,MA kesisme 50/200:+27.7% | Momentum 90:+21.8% | Destek/Direnc kirilmasi:+17.8% | SMA trend 200:+17.0% | MA kesisme 20/100:+16.5%
2026-09-12 14:43:42,ZEC/USDT,MA kesisme 50/200,117.6,MA kesisme 50/200:+117.6% | Momentum 180:+112.1% | Destek/Direnc kirilmasi:+101.1% | SMA trend 200:+99.7% | Momentum 90:+94.5%
2026-09-12 14:43:42,SOL/USDT,MA kesisme 20/100,28.9,MA kesisme 20/100:+28.9% | Donchian 55/20:+26.1% | Donchian 20/10:+25.2% | MA kesisme 50/200:+24.2% | Momentum 90:+22.4%
2026-09-12 14:43:42,XRP/USDT,Donchian 20/10,35.06,Donchian 20/10:+35.1% | Donchian 55/20:+34.3% | MA kesisme 20/100:+32.2% | SMA trend 200:+31.2% | ATR kirilma:+30.9%
2026-09-12 14:43:42,THE/USDT,Bollinger 20/2,21.57,Bollinger 20/2:+21.6% | MA kesisme 20/100:+8.7% | Fair Value Gap:+6.5% | Dusuk oynaklik:+5.4% | Donchian 55/20:+5.3%
2026-09-12 14:43:42,BNB/USDT,Donchian 55/20,19.44,Donchian 55/20:+19.4% | ATR kirilma:+17.5% | Momentum 90:+17.0% | MACD:+16.7% | Destek/Direnc kirilmasi:+16.0%
2026-09-12 14:43:42,牛来/USDT,Donchian 20/10,35.92,Donchian 20/10:+35.9% | MACD:+33.6% | ATR kirilma:+28.7% | Destek/Direnc kirilmasi:+10.9% | Fair Value Gap:+5.5%
2026-09-12 14:43:42,NEAR/USDT,Dusuk oynaklik,43.47,Dusuk oynaklik:+43.5% | MA kesisme 50/200:+23.6% | Momentum 90:+22.0% | MACD:+21.8% | ATR kirilma:+19.4%
2026-09-12 14:43:42,SUI/USDT,SMA trend 100,21.32,SMA trend 100:+21.3% | MA kesisme 20/100:+14.0% | Momentum 90:+13.9% | Donchian 55/20:+13.2% | Donchian 20/10:+8.1%
2026-09-12 14:43:42,TRX/USDT,Dusuk oynaklik,3.2,Dusuk oynaklik:+3.2% | Destek/Direnc kirilmasi:+2.7% | Donchian 20/10:+2.0% | MA kesisme 20/100:+1.4% | Donchian 55/20:+0.5%
2026-09-12 14:43:42,UNI/USDT,SMA trend 200,85.17,SMA trend 200:+85.2% | MA kesisme 20/100:+81.6% | Momentum 90:+81.3% | Dusuk oynaklik:+81.1% | SMA trend 100:+79.7%
2026-09-12 14:43:42,HOLO/USDT,Bollinger 20/2,17.16,Bollinger 20/2:+17.2% | Dusuk oynaklik:+13.7% | SFP (likidite avi):+8.3% | MA kesisme 20/100:+1.7% | RSI 20/50:+0.0%
2026-09-12 14:43:42,DOGE/USDT,Donchian 20/10,27.36,Donchian 20/10:+27.4% | MA kesisme 20/100:+27.1% | SMA trend 100:+26.3% | Momentum 90:+23.2% | MA kesisme 50/200:+18.7%
2026-09-12 14:43:42,ENA/USDT,SMA trend 200,70.85,SMA trend 200:+70.8% | Destek/Direnc kirilmasi:+68.6% | ATR kirilma:+68.2% | SMA trend 100:+63.0% | Donchian 20/10:+62.8%
2026-09-12 14:43:42,ADA/USDT,MA kesisme 20/100,26.55,MA kesisme 20/100:+26.5% | Momentum 90:+20.1% | SMA trend 100:+17.4% | SMA trend 200:+13.0% | Donchian 55/20:+12.8%
2026-09-12 14:43:42,REZ/USDT,Dusuk oynaklik,39.8,Dusuk oynaklik:+39.8% | Bollinger 20/2:+36.4% | Momentum 180:+14.8% | MA kesisme 50/200:+13.6% | MA kesisme 20/100:+9.1%
2026-09-12 14:43:42,LINK/USDT,SMA trend 100,36.73,SMA trend 100:+36.7% | SMA trend 200:+34.7% | Destek/Direnc kirilmasi:+29.1% | Momentum 90:+28.7% | MA kesisme 50/200:+26.2%
2026-09-12 14:43:42,MARSCOIN/USDT,ATR kirilma,4.39,ATR kirilma:+4.4% | MA kesisme 20/100:+0.0% | Donchian 55/20:+0.0% | Momentum 90:+0.0% | RSI 20/50:+0.0%
2026-09-12 14:43:42,PEPE/USDT,Fair Value Gap,35.77,Fair Value Gap:+35.8% | Donchian 55/20:+35.1% | Momentum 90:+31.3% | SMA trend 200:+27.0% | MA kesisme 50/200:+22.1%
2026-09-12 14:43:42,ETHFI/USDT,MA kesisme 50/200,87.88,MA kesisme 50/200:+87.9% | MA kesisme 20/100:+69.5% | Momentum 180:+62.2% | Momentum 90:+61.3% | SMA trend 200:+47.4%
2026-09-12 14:43:42,PUMP/USDT,Donchian 20/10,49.53,Donchian 20/10:+49.5% | MA kesisme 50/200:+44.9% | Momentum 180:+33.9% | ATR kirilma:+29.4% | SMA trend 200:+26.9%
2026-09-12 14:43:42,RAY/USDT,MA kesisme 20/100,125.5,MA kesisme 20/100:+125.5% | MA kesisme 50/200:+120.6% | Momentum 90:+117.5% | Momentum 180:+113.9% | SMA trend 200:+107.5%
2026-09-12 14:43:42,TAO/USDT,Momentum 90,20.0,Momentum 90:+20.0% | SMA trend 100:+17.4% | Dusuk oynaklik:+13.2% | MA kesisme 50/200:+12.6% | SMA trend 200:+12.4%
2026-09-12 14:43:42,WLD/USDT,SMA trend 100,30.32,SMA trend 100:+30.3% | RSI 30/60:+20.4% | Momentum 180:+14.3% | Dusuk oynaklik:+13.5% | SMA trend 200:+10.5%
2026-09-12 14:43:42,ARB/USDT,MA kesisme 20/100,99.73,MA kesisme 20/100:+99.7% | SMA trend 100:+98.1% | Momentum 90:+94.7% | Donchian 55/20:+86.5% | SMA trend 200:+83.3%
2026-09-12 14:43:42,AVAX/USDT,SMA trend 100,11.73,SMA trend 100:+11.7% | Dusuk oynaklik:+11.0% | Momentum 180:+9.1% | RSI 30/60:+6.7% | SMA trend 200:+6.5%
2026-09-12 14:43:42,U/USDT,Donchian 55/20,0.0,Donchian 55/20:+0.0% | RSI 20/50:+0.0% | SFP (likidite avi):+0.0% | Fair Value Gap:+0.0% | Donchian 20/10:-0.1%
2026-09-12 14:43:42,LTC/USDT,MA kesisme 20/100,23.56,MA kesisme 20/100:+23.6% | Momentum 90:+20.3% | Donchian 20/10:+15.7% | Dusuk oynaklik:+14.4% | Momentum 180:+14.0%
2026-09-12 14:43:42,VTHO/USDT,MA kesisme 20/100,105.79,MA kesisme 20/100:+105.8% | SMA trend 200:+104.6% | Momentum 180:+103.2% | Momentum 90:+100.9% | SMA trend 100:+96.0%
2026-09-12 14:43:42,LSK/USDT,MA kesisme 50/200,181.78,MA kesisme 50/200:+181.8% | MA kesisme 20/100:+153.4% | Momentum 180:+147.3% | SMA trend 200:+140.9% | Destek/Direnc kirilmasi:+128.9%
2026-09-12 14:43:42,BCH/USDT,MA kesisme 20/100,25.12,MA kesisme 20/100:+25.1% | SMA trend 200:+18.4% | Donchian 55/20:+17.9% | Momentum 90:+15.2% | SMA trend 100:+12.1%
2026-09-12 14:43:42,XLM/USDT,MA kesisme 20/100,16.07,MA kesisme 20/100:+16.1% | SMA trend 100:+14.4% | Donchian 55/20:+13.6% | Momentum 90:+12.3% | ATR kirilma:+10.9%
2026-09-12 14:43:42,AAVE/USDT,MA kesisme 20/100,42.37,MA kesisme 20/100:+42.4% | Destek/Direnc kirilmasi:+40.5% | SMA trend 100:+37.1% | Momentum 90:+32.3% | MA kesisme 50/200:+31.9%
2026-09-12 14:43:42,TRUMP/USDT,SMA trend 200,61.34,SMA trend 200:+61.3% | MACD:+52.4% | MA kesisme 20/100:+45.2% | SMA trend 50:+43.2% | Donchian 55/20:+43.0%
2026-09-12 14:43:42,DASH/USDT,SMA trend 100,78.35,SMA trend 100:+78.3% | Donchian 55/20:+77.3% | SMA trend 200:+75.2% | Momentum 90:+70.6% | Donchian 20/10:+68.5%
2026-09-12 14:43:42,SOPH/USDT,Dusuk oynaklik,67.39,Dusuk oynaklik:+67.4% | MACD:+58.7% | SMA trend 50:+55.2% | ATR kirilma:+38.0% | Destek/Direnc kirilmasi:+26.5%
2026-09-12 14:43:42,MET/USDT,Dusuk oynaklik,57.0,Dusuk oynaklik:+57.0% | MA kesisme 50/200:+41.1% | MA kesisme 20/100:+26.2% | Bollinger 20/2:+25.5% | Momentum 180:+24.3%
2026-09-12 14:43:42,WLFI/USDT,Bollinger 20/2,17.9,Bollinger 20/2:+17.9% | RSI 30/60:+16.2% | RSI 20/50:+9.3% | MA kesisme 50/200:+7.6% | Momentum 180:-0.7%
2026-09-12 14:43:42,DOT/USDT,MA kesisme 20/100,42.94,MA kesisme 20/100:+42.9% | Dusuk oynaklik:+40.2% | Donchian 55/20:+33.0% | MA kesisme 50/200:+30.6% | Destek/Direnc kirilmasi:+29.5%
2026-09-17 18:27:46,BTC/USDT,MA kesisme 50/200,16.72,MA kesisme 50/200:+16.7% | ATR kirilma:+15.2% | Momentum 90:+15.1% | Destek/Direnc kirilmasi:+13.2% | SMA trend 100:+12.7%
2026-09-17 18:27:46,ZEC/USDT,MA kesisme 50/200,154.86,MA kesisme 50/200:+154.9% | Destek/Direnc kirilmasi:+149.0% | Momentum 90:+142.7% | Momentum 180:+142.1% | SMA trend 200:+132.1%
2026-09-17 18:27:46,ETH/USDT,MA kesisme 50/200,22.0,MA kesisme 50/200:+22.0% | Momentum 90:+21.0% | Destek/Direnc kirilmasi:+17.4% | ATR kirilma:+15.8% | Donchian 20/10:+14.5%
2026-09-17 18:27:46,SOL/USDT,MACD,29.08,MACD:+29.1% | Donchian 20/10:+26.0% | MA kesisme 50/200:+25.1% | Destek/Direnc kirilmasi:+24.6% | ATR kirilma:+24.3%
2026-09-17 18:27:46,XRP/USDT,Donchian 20/10,39.3,Donchian 20/10:+39.3% | ATR kirilma:+37.1% | Donchian 55/20:+33.9% | SMA trend 100:+26.7% | Momentum 90:+26.1%
2026-09-17 18:27:46,NEAR/USDT,MACD,65.38,MACD:+65.4% | Dusuk oynaklik:+59.5% | ATR kirilma:+56.5% | Momentum 180:+46.2% | SMA trend 200:+41.4%
2026-09-17 18:27:46,UNI/USDT,Momentum 90,104.1,Momentum 90:+104.1% | SMA trend 200:+102.3% | MA kesisme 20/100:+101.5% | SMA trend 100:+96.3% | MACD:+88.3%
2026-09-17 18:27:46,BNB/USDT,Donchian 55/20,19.44,Donchian 55/20:+19.4% | ATR kirilma:+18.2% | Momentum 90:+17.3% | Destek/Direnc kirilmasi:+16.1% | Donchian 20/10:+15.6%
2026-09-17 18:27:46,THE/USDT,Bollinger 20/2,23.39,Bollinger 20/2:+23.4% | Hacim-Fiyat Uyumsuzlugu:+7.1% | MA kesisme 50/200:+5.5% | Fair Value Gap:+5.1% | Tepe/Dip (rejim uyarlanabilir):+4.8%
2026-09-17 18:27:46,DOGE/USDT,Donchian 20/10,27.16,Donchian 20/10:+27.2% | SMA trend 100:+26.1% | Momentum 90:+25.6% | MA kesisme 20/100:+25.1% | Destek/Direnc kirilmasi:+19.4%
2026-09-17 18:27:46,SUI/USDT,SMA trend 100,25.2,SMA trend 100:+25.2% | RSI 30/60:+16.0% | Momentum 90:+16.0% | ATR kirilma:+15.6% | Major Trend Surucusu:+15.2%
2026-09-17 18:27:46,ENA/USDT,ATR kirilma,85.13,ATR kirilma:+85.1% | Donchian 20/10:+78.2% | SMA trend 200:+78.0% | Destek/Direnc kirilmasi:+75.8% | SMA trend 100:+66.1%
2026-09-17 18:27:46,ARB/USDT,MA kesisme 20/100,149.87,MA kesisme 20/100:+149.9% | Momentum 90:+144.2% | Donchian 55/20:+133.5% | SMA trend 100:+132.9% | SMA trend 200:+115.5%
2026-09-17 18:27:46,LSK/USDT,Momentum 90,616.41,Momentum 90:+616.4% | Destek/Direnc kirilmasi:+584.5% | MACD:+519.2% | Major Trend Surucusu:+513.0% | ATR kirilma:+495.7%
2026-09-17 18:27:46,WLD/USDT,SMA trend 100,28.47,SMA trend 100:+28.5% | RSI 30/60:+26.8% | Hacim-Fiyat Uyumsuzlugu:+19.1% | Destek/Direnc kirilmasi:+11.1% | Momentum 180:+10.7%
2026-09-17 18:27:46,CRCLB/USDT,MACD,16.35,MACD:+16.3% | ATR kirilma:+13.8% | Donchian 20/10:+13.0% | Fair Value Gap:+12.4% | SMA trend 200:+10.7%
2026-09-17 18:27:46,XAUT/USDT,MA kesisme 50/200,1.16,MA kesisme 50/200:+1.2% | Momentum 180:+0.6% | RSI 20/50:+0.2% | RSI 30/60:-0.0% | Kirilim-GeriCekilme-Toparlanma:-0.3%
2026-09-17 18:27:46,PAXG/USDT,MA kesisme 50/200,1.55,MA kesisme 50/200:+1.5% | RSI 30/60:+1.5% | Momentum 180:+0.7% | Destek/Direnc kirilmasi:+0.5% | RSI 20/50:+0.5%
2026-09-17 18:27:46,DASH/USDT,SMA trend 100,92.75,SMA trend 100:+92.8% | Donchian 55/20:+90.2% | SMA trend 200:+89.9% | Donchian 20/10:+88.8% | SMA trend 50:+83.1%
2026-09-17 18:27:46,MARSCOIN/USDT,Major Trend Surucusu,8.98,Major Trend Surucusu:+9.0% | ATR kirilma:+7.8% | Momentum 90:+7.4% | MA kesisme 20/100:+6.9% | Donchian 55/20:+6.9%
2026-09-17 18:27:46,SYN/USDT,MA kesisme 20/100,94.86,MA kesisme 20/100:+94.9% | Donchian 20/10:+91.0% | Momentum 90:+85.8% | SMA trend 200:+71.3% | MA kesisme 50/200:+61.9%
2026-09-17 18:27:46,PUMP/USDT,Donchian 20/10,48.9,Donchian 20/10:+48.9% | MA kesisme 50/200:+43.7% | Donchian 55/20:+42.1% | SMA trend 200:+37.8% | Destek/Direnc kirilmasi:+30.9%
2026-09-17 18:27:46,ONDO/USDT,Momentum 90,20.36,Momentum 90:+20.4% | MACD:+11.8% | RSI 30/60:+6.8% | SMA trend 200:+6.8% | SMA trend 100:+6.3%
2026-09-17 18:27:46,ONE/USDT,Major Trend Surucusu,119.28,Major Trend Surucusu:+119.3% | Donchian 55/20:+114.2% | MACD:+111.7% | MA kesisme 50/200:+109.8% | Donchian 20/10:+104.7%
2026-09-17 18:27:46,PEPE/USDT,Major Trend Surucusu,40.1,Major Trend Surucusu:+40.1% | Fair Value Gap:+39.6% | MACD:+37.5% | Donchian 55/20:+32.0% | Destek/Direnc kirilmasi:+31.7%
2026-09-17 18:27:46,U/USDT,Donchian 55/20,0.0,Donchian 55/20:+0.0% | RSI 20/50:+0.0% | SFP (likidite avi):+0.0% | Donchian 20/10:-0.0% | Dusuk oynaklik:-0.0%
2026-09-17 18:27:46,ADA/USDT,MA kesisme 20/100,23.62,MA kesisme 20/100:+23.6% | Momentum 90:+19.0% | SMA trend 100:+15.0% | Major Trend Surucusu:+12.2% | SMA trend 200:+10.6%
2026-09-17 18:27:46,AVA/USDT,MACD,85.55,MACD:+85.5% | Destek/Direnc kirilmasi:+79.8% | Donchian 20/10:+77.7% | ATR kirilma:+66.8% | SMA trend 200:+54.2%
2026-09-17 18:27:46,AVAX/USDT,SMA trend 100,14.65,SMA trend 100:+14.6% | ATR kirilma:+10.6% | SMA trend 200:+9.4% | Momentum 180:+9.2% | Momentum 90:+7.7%
2026-09-17 18:27:46,SNDKB/USDT,Hacim-Fiyat Uyumsuzlugu,5.98,Hacim-Fiyat Uyumsuzlugu:+6.0% | RSI 20/50:+4.3% | RSI 30/60:+3.3% | Tepe/Dip (rejim uyarlanabilir):+2.6% | Donchian 55/20:+1.6%
2026-09-17 18:27:46,LINK/USDT,SMA trend 100,24.86,SMA trend 100:+24.9% | SMA trend 200:+24.4% | Destek/Direnc kirilmasi:+22.3% | ATR kirilma:+19.2% | Donchian 20/10:+18.3%
2026-09-17 18:27:46,TAO/USDT,Momentum 90,19.4,Momentum 90:+19.4% | SMA trend 100:+18.8% | ATR kirilma:+15.7% | SMA trend 200:+15.6% | MA kesisme 20/100:+14.6%
2026-09-17 18:27:46,TRX/USDT,Hacim-Fiyat Uyumsuzlugu,6.17,Hacim-Fiyat Uyumsuzlugu:+6.2% | Tepe/Dip (rejim uyarlanabilir):+5.4% | Destek/Direnc kirilmasi:+1.9% | MA kesisme 20/100:+1.5% | SMA trend 100:+0.9%
2026-09-17 18:27:46,牛来/USDT,Bollinger 20/2,22.55,Bollinger 20/2:+22.5% | Donchian 20/10:+9.8% | RSI 30/60:+7.8% | MA kesisme 20/100:+4.3% | MACD:+0.4%
2026-09-17 18:27:46,XLM/USDT,ATR kirilma,23.23,ATR kirilma:+23.2% | Donchian 20/10:+18.8% | Destek/Direnc kirilmasi:+17.0% | SMA trend 100:+13.4% | Fair Value Gap:+12.8%
2026-09-17 18:27:46,TRUMP/USDT,SMA trend 200,61.34,SMA trend 200:+61.3% | MACD:+51.4% | ATR kirilma:+48.1% | Fair Value Gap:+46.9% | SMA trend 50:+46.1%
2026-09-17 18:27:46,REZ/USDT,Bollinger 20/2,39.3,Bollinger 20/2:+39.3% | MA kesisme 50/200:+27.0% | Momentum 180:+25.3% | Dusuk oynaklik:+18.2% | MA kesisme 20/100:+18.1%
2026-09-17 18:27:46,LTC/USDT,MA kesisme 20/100,21.87,MA kesisme 20/100:+21.9% | Donchian 20/10:+18.1% | Momentum 90:+17.1% | SMA trend 100:+17.0% | MA kesisme 50/200:+13.2%
2026-09-17 18:27:46,MSTRB/USDT,ATR kirilma,31.4,ATR kirilma:+31.4% | SMA trend 200:+28.9% | MACD:+27.8% | Momentum 90:+23.1% | MA kesisme 50/200:+22.2%
2026-09-17 18:27:46,AAVE/USDT,Destek/Direnc kirilmasi,46.86,Destek/Direnc kirilmasi:+46.9% | MA kesisme 20/100:+36.3% | Donchian 20/10:+32.9% | SMA trend 100:+32.3% | MA kesisme 50/200:+31.9%
2026-09-20 04:24:06,BTC/USDT,Destek/Direnc kirilmasi,7.44,Destek/Direnc kirilmasi:+7.4% | ATR kirilma:+6.4% | Donchian 20/10:+6.3% | SMA trend 100:+5.7% | SMA trend 200:+4.9%
2026-09-20 04:24:06,ETH/USDT,Tepe/Dip (rejim uyarlanabilir),10.79,Tepe/Dip (rejim uyarlanabilir):+10.8% | RSI 30/60:+9.4% | Bollinger 20/2:+3.3% | Dusuk oynaklik:+2.6% | Destek/Direnc kirilmasi:+2.6%
2026-09-20 04:24:06,ZEC/USDT,MA kesisme 50/200,126.83,MA kesisme 50/200:+126.8% | Destek/Direnc kirilmasi:+124.8% | Momentum 90:+116.0% | Momentum 180:+115.5% | SMA trend 200:+106.5%
2026-09-20 04:24:06,XRP/USDT,Donchian 20/10,22.91,Donchian 20/10:+22.9% | Donchian 55/20:+15.0% | ATR kirilma:+14.9% | RSI 30/60:+13.6% | Destek/Direnc kirilmasi:+12.6%
2026-09-20 04:24:06,SOL/USDT,MACD,24.84,MACD:+24.8% | Donchian 20/10:+22.5% | Destek/Direnc kirilmasi:+20.9% | ATR kirilma:+19.2% | Donchian 55/20:+17.2%
2026-09-20 04:24:06,NEAR/USDT,Dusuk oynaklik,83.09,Dusuk oynaklik:+83.1% | ATR kirilma:+78.9% | Momentum 180:+64.6% | MACD:+63.9% | MA kesisme 50/200:+63.5%
2026-09-20 04:24:06,SUI/USDT,SMA trend 100,30.04,SMA trend 100:+30.0% | MA kesisme 20/100:+24.8% | Momentum 90:+23.2% | Major Trend Surucusu:+20.0% | Donchian 55/20:+16.8%
2026-09-20 04:24:06,ENA/USDT,SMA trend 200,93.6,SMA trend 200:+93.6% | Donchian 20/10:+86.2% | Destek/Direnc kirilmasi:+84.9% | MA kesisme 50/200:+83.8% | SMA trend 100:+82.0%
2026-09-20 04:24:06,AVAX/USDT,SMA trend 100,32.1,SMA trend 100:+32.1% | Major Trend Surucusu:+30.3% | SMA trend 200:+29.4% | Momentum 90:+27.5% | MA kesisme 50/200:+26.5%
2026-09-20 04:24:06,UNI/USDT,SMA trend 200,114.18,SMA trend 200:+114.2% | MA kesisme 50/200:+108.3% | Momentum 90:+107.1% | MA kesisme 20/100:+103.9% | Momentum 180:+99.7%
2026-09-20 04:24:06,DOGE/USDT,Donchian 20/10,20.59,Donchian 20/10:+20.6% | SMA trend 100:+20.2% | Momentum 90:+17.4% | MA kesisme 20/100:+14.9% | Destek/Direnc kirilmasi:+10.4%
2026-09-20 04:24:06,BNB/USDT,Momentum 90,16.08,Momentum 90:+16.1% | Donchian 55/20:+15.6% | Major Trend Surucusu:+14.4% | Donchian 20/10:+14.2% | Destek/Direnc kirilmasi:+13.0%
2026-09-20 04:24:06,BANK/USDT,SFP (likidite avi),19.28,SFP (likidite avi):+19.3% | ATR kirilma:+17.9% | Donchian 20/10:+13.2% | Dusuk oynaklik:+13.1% | Destek/Direnc kirilmasi:+10.0%
2026-09-20 04:24:06,ONE/USDT,Donchian 55/20,380.6,Donchian 55/20:+380.6% | MA kesisme 50/200:+369.2% | SMA trend 100:+353.9% | Momentum 180:+350.4% | Momentum 90:+339.1%
2026-09-20 04:24:06,PEPE/USDT,Fair Value Gap,38.74,Fair Value Gap:+38.7% | Major Trend Surucusu:+29.8% | MA kesisme 50/200:+26.8% | SMA trend 200:+25.5% | Donchian 55/20:+24.6%
2026-09-20 04:24:06,G/USDT,MA kesisme 20/100,212.58,MA kesisme 20/100:+212.6% | Momentum 90:+187.9% | SMA trend 100:+187.3% | SMA trend 200:+175.8% | SMA trend 50:+171.1%
2026-09-20 04:24:06,ZAMA/USDT,Donchian 20/10,82.14,Donchian 20/10:+82.1% | Donchian 55/20:+82.1% | SMA trend 50:+76.9% | SMA trend 200:+70.9% | SMA trend 100:+68.7%
2026-09-20 04:24:06,TAO/USDT,MA kesisme 20/100,23.94,MA kesisme 20/100:+23.9% | SMA trend 100:+22.8% | Momentum 90:+21.6% | SMA trend 200:+18.9% | ATR kirilma:+17.3%
2026-09-20 04:24:06,AR/USDT,SMA trend 100,124.53,SMA trend 100:+124.5% | SMA trend 50:+115.8% | Destek/Direnc kirilmasi:+106.2% | SMA trend 200:+91.9% | Dusuk oynaklik:+91.6%
2026-09-20 04:24:06,FIL/USDT,Destek/Direnc kirilmasi,53.52,Destek/Direnc kirilmasi:+53.5% | ATR kirilma:+49.2% | SMA trend 50:+44.6% | Donchian 20/10:+41.1% | Donchian 55/20:+39.1%
2026-09-20 04:24:06,INJ/USDT,Destek/Direnc kirilmasi,67.79,Destek/Direnc kirilmasi:+67.8% | ATR kirilma:+64.7% | SMA trend 200:+58.0% | Donchian 55/20:+54.1% | SMA trend 50:+51.3%
2026-09-20 04:24:06,ADA/USDT,MA kesisme 20/100,18.55,MA kesisme 20/100:+18.6% | Major Trend Surucusu:+18.4% | Momentum 90:+13.8% | SMA trend 100:+12.5% | Donchian 55/20:+8.2%
2026-09-20 04:24:06,LINK/USDT,SMA trend 100,18.25,SMA trend 100:+18.2% | Destek/Direnc kirilmasi:+17.5% | SMA trend 200:+17.0% | ATR kirilma:+16.5% | Fair Value Gap:+12.3%
2026-09-20 04:24:06,ONDO/USDT,Momentum 90,22.28,Momentum 90:+22.3% | MA kesisme 20/100:+16.4% | SMA trend 200:+11.5% | SMA trend 100:+9.7% | Dusuk oynaklik:+8.6%
2026-09-20 04:24:06,ARB/USDT,MA kesisme 20/100,147.41,MA kesisme 20/100:+147.4% | Momentum 90:+145.8% | SMA trend 100:+133.0% | SMA trend 200:+119.8% | Donchian 55/20:+110.9%
2026-09-20 04:24:06,XLM/USDT,Kirilim-GeriCekilme-Toparlanma,10.92,Kirilim-GeriCekilme-Toparlanma:+10.9% | RSI 30/60:+7.8% | Fair Value Gap:+7.8% | Hacim-Fiyat Uyumsuzlugu:+6.0% | Destek/Direnc kirilmasi:+2.9%
2026-09-20 04:24:06,WLD/USDT,SMA trend 100,35.94,SMA trend 100:+35.9% | Hacim-Fiyat Uyumsuzlugu:+24.7% | RSI 30/60:+24.5% | MA kesisme 20/100:+23.0% | Momentum 90:+20.5%
2026-09-20 04:24:06,TRX/USDT,Hacim-Fiyat Uyumsuzlugu,6.17,Hacim-Fiyat Uyumsuzlugu:+6.2% | Tepe/Dip (rejim uyarlanabilir):+3.2% | Destek/Direnc kirilmasi:+0.6% | SMA trend 100:+0.4% | Order Block:-0.0%
2026-09-20 04:24:06,PROVE/USDT,Dusuk oynaklik,26.01,Dusuk oynaklik:+26.0% | MA kesisme 50/200:+19.9% | Momentum 90:+19.7% | SMA trend 200:+18.7% | MA kesisme 20/100:+17.7%
2026-09-20 04:24:06,TRUMP/USDT,Fair Value Gap,45.17,Fair Value Gap:+45.2% | SMA trend 200:+41.4% | MA kesisme 50/200:+40.3% | MACD:+32.3% | Momentum 180:+28.8%
2026-09-20 04:24:06,LTC/USDT,MA kesisme 20/100,21.96,MA kesisme 20/100:+22.0% | Donchian 20/10:+18.3% | SMA trend 100:+17.3% | Momentum 180:+15.4% | Momentum 90:+15.0%
2026-09-20 04:24:06,STRK/USDT,Momentum 90,63.78,Momentum 90:+63.8% | Dusuk oynaklik:+53.8% | MA kesisme 20/100:+49.0% | SMA trend 100:+48.8% | Momentum 180:+46.5%
2026-09-20 04:24:06,APT/USDT,MA kesisme 20/100,45.37,MA kesisme 20/100:+45.4% | Momentum 90:+40.3% | Major Trend Surucusu:+38.5% | Donchian 55/20:+38.2% | Destek/Direnc kirilmasi:+35.2%
2026-09-20 04:24:06,U/USDT,Donchian 55/20,0.0,Donchian 55/20:+0.0% | RSI 20/50:+0.0% | SFP (likidite avi):+0.0% | Donchian 20/10:-0.0% | Dusuk oynaklik:-0.0%
2026-09-20 04:24:06,ASTER/USDT,Bollinger 20/2,15.25,Bollinger 20/2:+15.2% | Tepe/Dip (rejim uyarlanabilir):+10.4% | Hacim-Fiyat Uyumsuzlugu:+6.9% | Momentum 90:+6.3% | SMA trend 200:+6.3%
2026-09-20 04:24:06,XTZ/USDT,Destek/Direnc kirilmasi,54.91,Destek/Direnc kirilmasi:+54.9% | Dusuk oynaklik:+53.5% | SMA trend 200:+46.6% | MA kesisme 20/100:+45.9% | Donchian 20/10:+42.9%
2026-09-20 04:24:06,FET/USDT,Destek/Direnc kirilmasi,28.44,Destek/Direnc kirilmasi:+28.4% | Major Trend Surucusu:+25.1% | SMA trend 100:+22.7% | MA kesisme 20/100:+18.5% | Donchian 55/20:+18.5%
2026-09-20 04:24:06,HBAR/USDT,MA kesisme 20/100,13.17,MA kesisme 20/100:+13.2% | SMA trend 100:+13.1% | Major Trend Surucusu:+7.5% | Donchian 55/20:+6.4% | SMA trend 200:+5.9%
2026-09-20 04:24:06,CELR/USDT,Destek/Direnc kirilmasi,101.13,Destek/Direnc kirilmasi:+101.1% | Momentum 180:+98.2% | MA kesisme 20/100:+95.0% | Donchian 20/10:+94.9% | SMA trend 50:+91.4%
2026-09-20 04:24:06,SYN/USDT,MA kesisme 20/100,143.12,MA kesisme 20/100:+143.1% | Momentum 90:+126.4% | SMA trend 200:+118.1% | Donchian 55/20:+105.5% | MA kesisme 50/200:+104.3%
2026-09-21 14:25:49,BTC/USDT,MACD,11.32,MACD:+11.3% | Dusuk oynaklik:+8.4% | ATR kirilma:+7.6% | Donchian 20/10:+4.4% | RSI 30/60:+3.2%
2026-09-21 14:25:49,ETH/USDT,Dusuk oynaklik,10.93,Dusuk oynaklik:+10.9% | Tepe/Dip (rejim uyarlanabilir):+10.8% | RSI 30/60:+9.4% | MACD:+8.1% | Bollinger 20/2:+4.1%
2026-09-21 14:25:49,SOL/USDT,MACD,32.87,MACD:+32.9% | ATR kirilma:+22.6% | Dusuk oynaklik:+21.5% | Donchian 20/10:+20.3% | Destek/Direnc kirilmasi:+19.5%
2026-09-21 14:25:49,ZEC/USDT,Dusuk oynaklik,90.47,Dusuk oynaklik:+90.5% | MA kesisme 50/200:+86.7% | Momentum 90:+77.9% | Momentum 180:+77.4% | SMA trend 200:+70.1%
2026-09-21 14:25:49,NEAR/USDT,Dusuk oynaklik,117.02,Dusuk oynaklik:+117.0% | MACD:+98.3% | ATR kirilma:+83.4% | Momentum 180:+70.2% | MA kesisme 50/200:+68.9%
2026-09-21 14:25:49,XRP/USDT,MACD,15.66,MACD:+15.7% | RSI 30/60:+13.6% | Donchian 20/10:+8.4% | ATR kirilma:+8.2% | Hacim-Fiyat Uyumsuzlugu:+7.9%
2026-09-21 14:25:49,SUI/USDT,SMA trend 100,40.25,SMA trend 100:+40.3% | MA kesisme 20/100:+34.6% | Momentum 90:+32.8% | Dusuk oynaklik:+30.1% | Donchian 55/20:+28.1%
2026-09-21 14:25:49,BNB/USDT,Momentum 90,14.82,Momentum 90:+14.8% | Dusuk oynaklik:+13.5% | MACD:+12.5% | ATR kirilma:+11.5% | SMA trend 200:+11.1%
2026-09-21 14:25:49,DOGE/USDT,SMA trend 100,11.03,SMA trend 100:+11.0% | RSI 30/60:+8.5% | Momentum 90:+8.4% | Dusuk oynaklik:+8.0% | Donchian 20/10:+7.7%
2026-09-21 14:25:49,AVAX/USDT,SMA trend 100,37.28,SMA trend 100:+37.3% | SMA trend 200:+34.5% | Momentum 90:+32.5% | MA kesisme 50/200:+31.4% | Momentum 180:+30.5%
2026-09-21 14:25:49,UNI/USDT,Dusuk oynaklik,103.81,Dusuk oynaklik:+103.8% | SMA trend 200:+94.1% | MA kesisme 50/200:+88.8% | Momentum 90:+88.0% | MA kesisme 20/100:+85.1%
2026-09-21 14:25:49,ENA/USDT,SMA trend 200,53.97,SMA trend 200:+54.0% | MA kesisme 50/200:+46.3% | SMA trend 100:+44.8% | Dusuk oynaklik:+39.2% | Momentum 180:+38.9%
2026-09-21 14:25:49,PROVE/USDT,MA kesisme 50/200,40.4,MA kesisme 50/200:+40.4% | Momentum 90:+40.3% | Donchian 55/20:+39.4% | SMA trend 200:+39.1% | MA kesisme 20/100:+37.8%
2026-09-21 14:25:49,ADA/USDT,Dusuk oynaklik,15.76,Dusuk oynaklik:+15.8% | MA kesisme 20/100:+11.2% | RSI 30/60:+7.7% | Momentum 90:+6.7% | SMA trend 100:+5.5%
2026-09-21 14:25:49,TAO/USDT,MA kesisme 20/100,26.58,MA kesisme 20/100:+26.6% | MACD:+26.3% | SMA trend 100:+25.5% | Momentum 90:+24.1% | Dusuk oynaklik:+22.1%
2026-09-21 14:25:49,ARB/USDT,MA kesisme 20/100,145.58,MA kesisme 20/100:+145.6% | Momentum 90:+144.0% | SMA trend 100:+131.3% | Dusuk oynaklik:+129.5% | SMA trend 200:+118.3%
2026-09-21 14:25:49,LINK/USDT,Dusuk oynaklik,14.75,Dusuk oynaklik:+14.8% | ATR kirilma:+13.9% | MACD:+13.9% | SMA trend 100:+13.1% | SMA trend 200:+11.9%
2026-09-21 14:25:49,BANK/USDT,SFP (likidite avi),19.28,SFP (likidite avi):+19.3% | ATR kirilma:+15.8% | Dusuk oynaklik:+13.4% | Donchian 55/20:+10.0% | MACD:+9.3%
2026-09-21 14:25:49,PEPE/USDT,Fair Value Gap,17.81,Fair Value Gap:+17.8% | Hacim-Fiyat Uyumsuzlugu:+16.4% | RSI 30/60:+14.5% | Dusuk oynaklik:+13.2% | MA kesisme 50/200:+3.9%
2026-09-21 14:25:49,ONE/USDT,Donchian 55/20,457.17,Donchian 55/20:+457.2% | MA kesisme 50/200:+435.1% | Momentum 180:+407.7% | SMA trend 100:+366.9% | Momentum 90:+363.4%
2026-09-21 14:25:49,U/USDT,Donchian 55/20,0.0,Donchian 55/20:+0.0% | RSI 20/50:+0.0% | SFP (likidite avi):+0.0% | Dusuk oynaklik:-0.0% | Donchian 20/10:-0.1%
2026-09-21 14:25:49,LTC/USDT,Dusuk oynaklik,23.3,Dusuk oynaklik:+23.3% | MA kesisme 20/100:+18.9% | SMA trend 100:+14.3% | Momentum 180:+12.5% | Momentum 90:+12.0%
2026-09-21 14:25:49,XLM/USDT,Dusuk oynaklik,17.15,Dusuk oynaklik:+17.1% | Kirilim-GeriCekilme-Toparlanma:+10.9% | RSI 30/60:+7.8% | Hacim-Fiyat Uyumsuzlugu:+6.0% | Fair Value Gap:+2.4%
2026-09-21 14:25:49,WLD/USDT,SMA trend 100,29.05,SMA trend 100:+29.0% | Hacim-Fiyat Uyumsuzlugu:+24.7% | RSI 30/60:+24.5% | MA kesisme 20/100:+16.7% | Momentum 90:+16.6%
2026-09-21 14:25:49,SAGA/USDT,Momentum 180,89.22,Momentum 180:+89.2% | Dusuk oynaklik:+87.0% | Momentum 90:+80.2% | SMA trend 200:+79.0% | SMA trend 100:+73.0%
2026-09-21 14:25:49,ONDO/USDT,Dusuk oynaklik,23.3,Dusuk oynaklik:+23.3% | Momentum 90:+20.8% | MA kesisme 20/100:+14.9% | SMA trend 200:+10.1% | SMA trend 100:+8.4%
2026-09-21 14:25:49,HBAR/USDT,MA kesisme 20/100,17.11,MA kesisme 20/100:+17.1% | SMA trend 100:+17.0% | Dusuk oynaklik:+11.3% | Donchian 55/20:+10.0% | SMA trend 200:+9.6%
2026-09-21 14:25:49,FET/USDT,MACD,33.27,MACD:+33.3% | Dusuk oynaklik:+26.1% | Destek/Direnc kirilmasi:+20.3% | ATR kirilma:+15.0% | SMA trend 100:+12.6%
2026-09-21 14:25:49,ZAMA/USDT,Donchian 20/10,96.02,Donchian 20/10:+96.0% | Donchian 55/20:+95.9% | SMA trend 50:+88.5% | SMA trend 200:+82.0% | Destek/Direnc kirilmasi:+80.7%
2026-09-21 14:25:49,TRX/USDT,Hacim-Fiyat Uyumsuzlugu,6.17,Hacim-Fiyat Uyumsuzlugu:+6.2% | Tepe/Dip (rejim uyarlanabilir):+3.2% | Dusuk oynaklik:+2.3% | Destek/Direnc kirilmasi:+0.5% | SMA trend 100:+0.3%
2026-09-21 14:25:49,SEI/USDT,SMA trend 200,28.81,SMA trend 200:+28.8% | Dusuk oynaklik:+21.9% | SMA trend 100:+21.1% | Major Trend Surucusu:+19.9% | MA kesisme 20/100:+19.7%
2026-09-21 14:25:49,TRUMP/USDT,Fair Value Gap,45.33,Fair Value Gap:+45.3% | SMA trend 200:+33.1% | MA kesisme 50/200:+32.0% | Momentum 180:+21.2% | MA kesisme 20/100:+17.3%
2026-09-21 14:25:49,CRCLB/USDT,Hacim-Fiyat Uyumsuzlugu,30.02,Hacim-Fiyat Uyumsuzlugu:+30.0% | MACD:+16.8% | ATR kirilma:+16.7% | Fair Value Gap:+6.1% | Donchian 20/10:+5.4%
2026-09-21 14:25:49,AAVE/USDT,Destek/Direnc kirilmasi,26.93,Destek/Direnc kirilmasi:+26.9% | MACD:+20.1% | Dusuk oynaklik:+15.2% | Donchian 20/10:+13.3% | MA kesisme 20/100:+11.7%
2026-09-21 14:25:49,XPL/USDT,Hacim-Fiyat Uyumsuzlugu,18.16,Hacim-Fiyat Uyumsuzlugu:+18.2% | Fair Value Gap:+17.6% | Bollinger 20/2:+16.6% | Tepe/Dip (rejim uyarlanabilir):+15.5% | Dusuk oynaklik:+15.4%
2026-09-21 14:25:49,PUMP/USDT,RSI 30/60,21.12,RSI 30/60:+21.1% | Order Block:+18.5% | SMA trend 200:+9.9% | Donchian 20/10:+9.1% | Fair Value Gap:+8.4%
2026-09-21 14:25:49,FIL/USDT,Dusuk oynaklik,44.85,Dusuk oynaklik:+44.8% | ATR kirilma:+40.7% | Destek/Direnc kirilmasi:+32.9% | MACD:+28.0% | SMA trend 50:+22.5%
2026-09-21 14:25:49,POL/USDT,MA kesisme 20/100,17.09,MA kesisme 20/100:+17.1% | SMA trend 100:+16.7% | SMA trend 200:+14.2% | MA kesisme 50/200:+13.7% | Donchian 20/10:+12.5%
2026-09-21 14:25:49,BCH/USDT,Hacim-Fiyat Uyumsuzlugu,5.33,Hacim-Fiyat Uyumsuzlugu:+5.3% | MA kesisme 20/100:+4.5% | RSI 20/50:+3.8% | Kirilim-GeriCekilme-Toparlanma:+3.1% | Dusuk oynaklik:+1.7%
2026-09-21 14:25:49,MARSCOIN/USDT,ATR kirilma,11.12,ATR kirilma:+11.1% | Dusuk oynaklik:+6.4% | RSI 20/50:+0.0% | Order Block:+0.0% | Kirilim-GeriCekilme-Toparlanma:+0.0%
2026-09-22 00:32:56,BTC/USDT,MACD,14.89,MACD:+14.9% | Dusuk oynaklik:+9.8% | ATR kirilma:+9.0% | Destek/Direnc kirilmasi:+6.1% | SMA trend 100:+5.8%
2026-09-22 00:32:56,ETH/USDT,Dusuk oynaklik,11.64,Dusuk oynaklik:+11.6% | Tepe/Dip (rejim uyarlanabilir):+10.8% | MACD:+9.7% | RSI 30/60:+9.4% | Destek/Direnc kirilmasi:+4.5%
2026-09-22 00:32:56,SOL/USDT,MACD,39.96,MACD:+40.0% | ATR kirilma:+25.5% | Dusuk oynaklik:+21.6% | Donchian 20/10:+20.9% | Destek/Direnc kirilmasi:+20.0%
2026-09-22 00:32:56,XRP/USDT,MACD,19.7,MACD:+19.7% | ATR kirilma:+15.6% | RSI 30/60:+13.6% | Dusuk oynaklik:+13.4% | Donchian 20/10:+8.2%
2026-09-22 00:32:56,ZEC/USDT,Dusuk oynaklik,83.44,Dusuk oynaklik:+83.4% | MA kesisme 50/200:+66.0% | Momentum 90:+58.1% | Momentum 180:+57.7% | Destek/Direnc kirilmasi:+56.4%
2026-09-22 00:32:56,NEAR/USDT,Dusuk oynaklik,125.77,Dusuk oynaklik:+125.8% | MACD:+98.5% | ATR kirilma:+83.4% | Momentum 180:+79.2% | MA kesisme 50/200:+77.9%
2026-09-22 00:32:56,DOGE/USDT,SMA trend 100,19.51,SMA trend 100:+19.5% | Momentum 90:+16.7% | Dusuk oynaklik:+16.7% | Donchian 20/10:+15.9% | MA kesisme 20/100:+14.2%
2026-09-22 00:32:56,SUI/USDT,SMA trend 100,41.06,SMA trend 100:+41.1% | MA kesisme 20/100:+35.4% | Momentum 90:+33.6% | Dusuk oynaklik:+32.1% | Donchian 55/20:+28.9%
2026-09-22 00:32:56,BNB/USDT,MACD,14.3,MACD:+14.3% | Momentum 90:+13.8% | Dusuk oynaklik:+13.5% | ATR kirilma:+12.0% | SMA trend 200:+10.2%
2026-09-22 00:32:56,PEPE/USDT,Fair Value Gap,31.96,Fair Value Gap:+32.0% | Dusuk oynaklik:+27.9% | Hacim-Fiyat Uyumsuzlugu:+16.4% | MA kesisme 50/200:+15.8% | SMA trend 200:+14.7%
2026-09-22 00:32:56,UNI/USDT,Dusuk oynaklik,105.39,Dusuk oynaklik:+105.4% | SMA trend 200:+94.6% | MA kesisme 50/200:+89.3% | Momentum 90:+88.5% | MACD:+88.0%
2026-09-22 00:32:56,AVAX/USDT,SMA trend 100,42.14,SMA trend 100:+42.1% | SMA trend 200:+39.3% | Momentum 90:+37.2% | MA kesisme 50/200:+36.1% | Momentum 180:+35.1%
2026-09-22 00:32:56,TAO/USDT,MA kesisme 20/100,42.56,MA kesisme 20/100:+42.6% | SMA trend 100:+41.3% | MACD:+40.7% | Momentum 90:+39.8% | Dusuk oynaklik:+37.9%
2026-09-22 00:32:56,BANK/USDT,SFP (likidite avi),19.28,SFP (likidite avi):+19.3% | ATR kirilma:+16.1% | MACD:+11.9% | Dusuk oynaklik:+11.5% | Donchian 55/20:+10.3%
2026-09-22 00:32:56,ENA/USDT,SMA trend 200,38.55,SMA trend 200:+38.5% | Dusuk oynaklik:+34.6% | MA kesisme 50/200:+31.6% | SMA trend 100:+30.3% | Donchian 55/20:+26.4%
2026-09-22 00:32:56,ADA/USDT,Dusuk oynaklik,17.92,Dusuk oynaklik:+17.9% | MA kesisme 20/100:+13.2% | MACD:+9.5% | Momentum 90:+8.7% | RSI 30/60:+7.7%
2026-09-22 00:32:56,LINK/USDT,ATR kirilma,18.24,ATR kirilma:+18.2% | SMA trend 100:+18.0% | SMA trend 200:+16.7% | Dusuk oynaklik:+15.7% | Destek/Direnc kirilmasi:+13.2%
2026-09-22 00:32:56,ARB/USDT,MA kesisme 20/100,130.62,MA kesisme 20/100:+130.6% | Momentum 90:+124.6% | Dusuk oynaklik:+124.0% | SMA trend 100:+117.2% | SMA trend 200:+105.0%
2026-09-22 00:32:56,ONE/USDT,Donchian 55/20,411.96,Donchian 55/20:+412.0% | MA kesisme 50/200:+408.6% | Momentum 180:+380.8% | SMA trend 100:+342.1% | Momentum 90:+338.8%
2026-09-22 00:32:56,U/USDT,Donchian 55/20,0.0,Donchian 55/20:+0.0% | RSI 30/60:+0.0% | RSI 20/50:+0.0% | SFP (likidite avi):+0.0% | Dusuk oynaklik:-0.0%
2026-09-22 00:32:56,LTC/USDT,Dusuk oynaklik,23.1,Dusuk oynaklik:+23.1% | MA kesisme 20/100:+21.2% | SMA trend 100:+16.5% | Momentum 180:+14.7% | Donchian 20/10:+14.5%
2026-09-22 00:32:56,XLM/USDT,Dusuk oynaklik,22.52,Dusuk oynaklik:+22.5% | Kirilim-GeriCekilme-Toparlanma:+10.9% | RSI 30/60:+7.8% | Hacim-Fiyat Uyumsuzlugu:+6.0% | Destek/Direnc kirilmasi:+4.6%
2026-09-22 00:32:56,WLD/USDT,SMA trend 100,31.91,SMA trend 100:+31.9% | Hacim-Fiyat Uyumsuzlugu:+24.7% | RSI 30/60:+24.5% | MA kesisme 20/100:+19.3% | Momentum 90:+19.2%
2026-09-22 00:32:56,ZAMA/USDT,Donchian 55/20,82.13,Donchian 55/20:+82.1% | SMA trend 50:+75.3% | Donchian 20/10:+75.2% | SMA trend 200:+69.2% | Destek/Direnc kirilmasi:+68.0%
2026-09-22 00:32:56,ONDO/USDT,Momentum 90,29.44,Momentum 90:+29.4% | Dusuk oynaklik:+24.3% | MA kesisme 20/100:+23.2% | Donchian 55/20:+18.9% | SMA trend 200:+18.0%
2026-09-22 00:32:56,TRUMP/USDT,Fair Value Gap,14.73,Fair Value Gap:+14.7% | MACD:+7.6% | SMA trend 200:+1.9% | MA kesisme 50/200:+1.1% | RSI 30/60:+0.7%
2026-09-22 00:32:56,CRCLB/USDT,Hacim-Fiyat Uyumsuzlugu,31.86,Hacim-Fiyat Uyumsuzlugu:+31.9% | MACD:+19.2% | ATR kirilma:+14.3% | Fair Value Gap:+6.1% | Donchian 20/10:+4.3%
2026-09-22 00:32:56,FET/USDT,MACD,33.37,MACD:+33.4% | Destek/Direnc kirilmasi:+25.6% | Dusuk oynaklik:+25.5% | SMA trend 100:+17.5% | ATR kirilma:+13.9%
2026-09-22 00:32:56,TRX/USDT,Hacim-Fiyat Uyumsuzlugu,6.17,Hacim-Fiyat Uyumsuzlugu:+6.2% | Tepe/Dip (rejim uyarlanabilir):+3.2% | Dusuk oynaklik:+2.4% | SMA trend 100:+0.1% | Destek/Direnc kirilmasi:+0.1%
2026-09-22 00:32:56,AAVE/USDT,Destek/Direnc kirilmasi,27.13,Destek/Direnc kirilmasi:+27.1% | MACD:+19.7% | Dusuk oynaklik:+17.1% | Donchian 20/10:+14.7% | ATR kirilma:+14.2%
2026-09-22 00:32:56,SNDKB/USDT,Momentum 90,22.5,Momentum 90:+22.5% | Dusuk oynaklik:+17.5% | MA kesisme 20/100:+9.0% | Donchian 55/20:+8.3% | SMA trend 200:+5.9%
2026-09-22 00:32:56,PHA/USDT,Dusuk oynaklik,202.7,Dusuk oynaklik:+202.7% | MA kesisme 50/200:+74.7% | Momentum 90:+66.9% | SMA trend 200:+65.4% | ATR kirilma:+63.4%
2026-09-22 00:32:56,XPL/USDT,Bollinger 20/2,20.21,Bollinger 20/2:+20.2% | Hacim-Fiyat Uyumsuzlugu:+18.2% | Fair Value Gap:+17.6% | Tepe/Dip (rejim uyarlanabilir):+15.5% | Dusuk oynaklik:+14.2%
2026-09-22 00:32:56,PENGU/USDT,MA kesisme 50/200,17.46,MA kesisme 50/200:+17.5% | SMA trend 100:+15.4% | Momentum 180:+14.7% | Momentum 90:+14.2% | Bollinger 20/2:+12.7%
2026-09-22 00:32:56,PUMP/USDT,RSI 30/60,21.12,RSI 30/60:+21.1% | Order Block:+11.1% | Fair Value Gap:+9.8% | Bollinger 20/2:+8.4% | Donchian 20/10:+4.6%
2026-09-22 00:32:56,HBAR/USDT,MA kesisme 20/100,22.79,MA kesisme 20/100:+22.8% | SMA trend 100:+22.7% | Donchian 55/20:+15.4% | SMA trend 200:+14.9% | Dusuk oynaklik:+11.0%
2026-09-22 00:32:56,SEI/USDT,SMA trend 200,28.62,SMA trend 200:+28.6% | Dusuk oynaklik:+22.6% | SMA trend 100:+20.9% | MA kesisme 20/100:+19.5% | Major Trend Surucusu:+18.5%
2026-09-22 00:32:56,XAUT/USDT,RSI 20/50,0.2,RSI 20/50:+0.2% | Tepe/Dip (rejim uyarlanabilir):-0.2% | Kirilim-GeriCekilme-Toparlanma:-0.3% | Hacim-Fiyat Uyumsuzlugu:-0.7% | RSI 30/60:-1.0%
2026-09-22 00:32:56,BCH/USDT,MA kesisme 20/100,7.78,MA kesisme 20/100:+7.8% | Hacim-Fiyat Uyumsuzlugu:+5.3% | RSI 20/50:+3.8% | Kirilim-GeriCekilme-Toparlanma:+3.1% | SMA trend 200:+3.1%
2026-09-22 00:32:56,APT/USDT,MA kesisme 20/100,40.93,MA kesisme 20/100:+40.9% | Momentum 90:+36.0% | Dusuk oynaklik:+35.4% | Donchian 55/20:+33.9% | Destek/Direnc kirilmasi:+31.1%
2026-09-26 00:30:10,BTC/USDT,MACD,8.62,MACD:+8.6% | ATR kirilma:+6.6% | Dusuk oynaklik:+6.2% | Destek/Direnc kirilmasi:+5.4% | Donchian 20/10:+4.6%
2026-09-26 00:30:10,ETH/USDT,Tepe/Dip (rejim uyarlanabilir),12.68,Tepe/Dip (rejim uyarlanabilir):+12.7% | RSI 30/60:+12.1% | Dusuk oynaklik:+7.0% | MACD:+6.7% | Destek/Direnc kirilmasi:+5.4%
2026-09-26 00:30:10,XRP/USDT,ATR kirilma,23.23,ATR kirilma:+23.2% | MACD:+21.8% | RSI 30/60:+17.8% | Dusuk oynaklik:+16.1% | Donchian 20/10:+15.7%
2026-09-26 00:30:10,SOL/USDT,MACD,33.38,MACD:+33.4% | Donchian 20/10:+26.8% | ATR kirilma:+24.8% | Destek/Direnc kirilmasi:+23.8% | Fair Value Gap:+19.0%
2026-09-26 00:30:10,ZEC/USDT,MA kesisme 50/200,77.47,MA kesisme 50/200:+77.5% | Dusuk oynaklik:+75.7% | Momentum 180:+68.6% | Momentum 90:+65.6% | Destek/Direnc kirilmasi:+63.0%
2026-09-26 00:30:10,NEAR/USDT,Dusuk oynaklik,152.9,Dusuk oynaklik:+152.9% | Momentum 180:+115.0% | MA kesisme 50/200:+113.3% | SMA trend 200:+106.6% | MA kesisme 20/100:+92.6%
2026-09-26 00:30:10,SUI/USDT,SMA trend 200,60.21,SMA trend 200:+60.2% | Momentum 90:+58.4% | SMA trend 100:+56.7% | Momentum 180:+53.4% | MA kesisme 20/100:+52.9%
2026-09-26 00:30:10,VTHO/USDT,Momentum 180,84.22,Momentum 180:+84.2% | MA kesisme 50/200:+77.1% | SFP (likidite avi):+76.8% | SMA trend 100:+65.8% | Dusuk oynaklik:+63.2%
2026-09-26 00:30:10,ENA/USDT,SMA trend 200,85.53,SMA trend 200:+85.5% | MA kesisme 50/200:+76.2% | Momentum 180:+67.3% | SMA trend 100:+51.6% | Donchian 55/20:+40.7%
2026-09-26 00:30:10,DOGE/USDT,MACD,17.02,MACD:+17.0% | Momentum 90:+16.9% | SMA trend 200:+14.0% | MA kesisme 50/200:+13.5% | Dusuk oynaklik:+12.9%
2026-09-26 00:30:10,BNB/USDT,MACD,11.72,MACD:+11.7% | Momentum 90:+11.2% | ATR kirilma:+10.5% | Dusuk oynaklik:+10.4% | Donchian 55/20:+9.8%
2026-09-26 00:30:10,UNI/USDT,SMA trend 200,104.84,SMA trend 200:+104.8% | MA kesisme 50/200:+99.3% | Momentum 180:+91.1% | MACD:+86.5% | MA kesisme 20/100:+85.2%
2026-09-26 00:30:10,LINK/USDT,ATR kirilma,30.83,ATR kirilma:+30.8% | Destek/Direnc kirilmasi:+27.9% | Donchian 20/10:+26.1% | SMA trend 200:+25.8% | MACD:+22.6%
2026-09-26 00:30:10,ONDO/USDT,Dusuk oynaklik,51.43,Dusuk oynaklik:+51.4% | Momentum 90:+48.3% | Destek/Direnc kirilmasi:+44.7% | SMA trend 200:+44.4% | SMA trend 100:+36.8%
2026-09-26 00:30:10,SAGA/USDT,SMA trend 100,148.7,SMA trend 100:+148.7% | Momentum 180:+101.9% | Dusuk oynaklik:+100.7% | MA kesisme 20/100:+83.3% | MA kesisme 50/200:+81.2%
2026-09-26 00:30:10,BABY/USDT,Dusuk oynaklik,16.52,Dusuk oynaklik:+16.5% | Hacim-Fiyat Uyumsuzlugu:+10.2% | MA kesisme 50/200:+8.6% | RSI 30/60:+8.2% | MA kesisme 20/100:+5.9%
2026-09-26 00:30:10,XPL/USDT,Fair Value Gap,36.57,Fair Value Gap:+36.6% | Dusuk oynaklik:+33.9% | Momentum 180:+24.6% | Hacim-Fiyat Uyumsuzlugu:+18.2% | SMA trend 200:+16.7%
2026-09-26 00:30:10,LTC/USDT,MA kesisme 20/100,42.26,MA kesisme 20/100:+42.3% | Momentum 180:+37.4% | SMA trend 100:+35.4% | Momentum 90:+34.1% | MA kesisme 50/200:+32.8%
2026-09-26 00:30:10,WLD/USDT,SMA trend 100,36.19,SMA trend 100:+36.2% | Dusuk oynaklik:+27.2% | Hacim-Fiyat Uyumsuzlugu:+24.7% | RSI 30/60:+23.7% | Destek/Direnc kirilmasi:+23.2%
2026-09-26 00:30:10,ADA/USDT,Dusuk oynaklik,25.81,Dusuk oynaklik:+25.8% | Momentum 90:+21.2% | MA kesisme 20/100:+19.5% | SMA trend 200:+17.0% | MACD:+16.0%
2026-09-26 00:30:10,TAO/USDT,MACD,43.27,MACD:+43.3% | ATR kirilma:+39.8% | Dusuk oynaklik:+35.3% | SMA trend 200:+33.2% | Momentum 90:+33.2%
2026-09-26 00:30:10,AVAX/USDT,Donchian 55/20,38.45,Donchian 55/20:+38.4% | SMA trend 100:+36.1% | SMA trend 200:+36.0% | Destek/Direnc kirilmasi:+35.1% | MA kesisme 50/200:+32.9%
2026-09-26 00:30:10,XLM/USDT,Dusuk oynaklik,24.6,Dusuk oynaklik:+24.6% | Destek/Direnc kirilmasi:+18.3% | RSI 30/60:+13.0% | MACD:+12.8% | Donchian 20/10:+11.2%
2026-09-26 00:30:10,PEPE/USDT,Fair Value Gap,25.84,Fair Value Gap:+25.8% | MACD:+25.6% | Dusuk oynaklik:+20.3% | MA kesisme 50/200:+17.8% | SMA trend 200:+16.7%
2026-09-26 00:30:10,PHA/USDT,Dusuk oynaklik,448.81,Dusuk oynaklik:+448.8% | MA kesisme 50/200:+189.5% | SMA trend 200:+174.1% | ATR kirilma:+158.5% | MA kesisme 20/100:+145.7%
2026-09-26 00:30:10,ARB/USDT,Dusuk oynaklik,124.17,Dusuk oynaklik:+124.2% | MA kesisme 20/100:+123.8% | SMA trend 200:+120.8% | Momentum 90:+107.8% | SMA trend 100:+103.0%
2026-09-26 00:30:10,PUMP/USDT,RSI 30/60,10.41,RSI 30/60:+10.4% | Fair Value Gap:+9.4% | Hacim-Fiyat Uyumsuzlugu:+5.9% | Order Block:+5.3% | ATR kirilma:+3.2%
2026-09-26 00:30:10,AAVE/USDT,MACD,26.36,MACD:+26.4% | Donchian 20/10:+19.5% | Dusuk oynaklik:+18.1% | Destek/Direnc kirilmasi:+15.2% | ATR kirilma:+10.7%
2026-09-26 00:30:10,QI/USDT,Dusuk oynaklik,175.31,Dusuk oynaklik:+175.3% | Destek/Direnc kirilmasi:+150.3% | MACD:+149.8% | Momentum 180:+144.6% | Donchian 20/10:+138.3%
2026-09-26 00:30:10,BCH/USDT,SMA trend 200,37.39,SMA trend 200:+37.4% | MA kesisme 20/100:+37.2% | SMA trend 100:+32.2% | Momentum 90:+31.8% | ATR kirilma:+28.8%
2026-09-26 00:30:10,XAUT/USDT,Tepe/Dip (rejim uyarlanabilir),1.47,Tepe/Dip (rejim uyarlanabilir):+1.5% | RSI 20/50:+0.2% | Kirilim-GeriCekilme-Toparlanma:+0.2% | RSI 30/60:-1.0% | Donchian 20/10:-2.2%
2026-09-26 00:30:10,FET/USDT,Destek/Direnc kirilmasi,59.64,Destek/Direnc kirilmasi:+59.6% | Dusuk oynaklik:+55.5% | MACD:+47.4% | SMA trend 100:+35.8% | MA kesisme 20/100:+32.7%
2026-09-26 00:30:10,MUBARAK/USDT,Donchian 20/10,190.38,Donchian 20/10:+190.4% | Dusuk oynaklik:+159.7% | ATR kirilma:+159.2% | Donchian 55/20:+130.6% | Destek/Direnc kirilmasi:+115.2%
2026-09-26 00:30:10,TRX/USDT,Hacim-Fiyat Uyumsuzlugu,4.89,Hacim-Fiyat Uyumsuzlugu:+4.9% | Order Block:+0.9% | SMA trend 50:+0.8% | Destek/Direnc kirilmasi:+0.5% | MA kesisme 20/100:+0.1%
2026-09-26 00:30:10,BANK/USDT,SFP (likidite avi),22.59,SFP (likidite avi):+22.6% | ATR kirilma:+16.9% | MACD:+12.1% | MA kesisme 50/200:+12.0% | Dusuk oynaklik:+10.9%
2026-09-26 00:30:10,SEI/USDT,SMA trend 200,64.54,SMA trend 200:+64.5% | MA kesisme 20/100:+52.7% | SMA trend 100:+48.1% | Momentum 180:+45.5% | Momentum 90:+44.8%
2026-09-26 00:30:10,U/USDT,Donchian 55/20,0.0,Donchian 55/20:+0.0% | RSI 20/50:+0.0% | SFP (likidite avi):+0.0% | Dusuk oynaklik:-0.1% | Major Trend Surucusu:-0.1%
2026-09-26 00:30:10,CRCLB/USDT,ATR kirilma,16.15,ATR kirilma:+16.1% | MACD:+14.8% | Fair Value Gap:+8.6% | Donchian 20/10:+5.7% | Hacim-Fiyat Uyumsuzlugu:+1.6%
2026-09-26 00:30:10,TRUMP/USDT,Fair Value Gap,8.56,Fair Value Gap:+8.6% | MA kesisme 50/200:+7.7% | SMA trend 200:+6.0% | RSI 30/60:+4.3% | RSI 20/50:+2.4%
2026-09-26 00:30:10,DASH/USDT,SMA trend 200,51.62,SMA trend 200:+51.6% | Donchian 20/10:+46.3% | Destek/Direnc kirilmasi:+43.2% | Dusuk oynaklik:+43.1% | MACD:+40.1%
2026-10-04 15:17:17,BTC/USDT,Dusuk oynaklik,4.95,Dusuk oynaklik:+5.0% | MACD:+4.7% | Destek/Direnc kirilmasi:+3.8% | RSI 30/60:+3.8% | Donchian 20/10:+2.7%
2026-10-04 15:17:17,ETH/USDT,Tepe/Dip (rejim uyarlanabilir),12.63,Tepe/Dip (rejim uyarlanabilir):+12.6% | Dusuk oynaklik:+7.3% | RSI 30/60:+6.9% | Bollinger 20/2:+4.7% | MACD:+3.1%
2026-10-04 15:17:17,SOL/USDT,MACD,18.41,MACD:+18.4% | Dusuk oynaklik:+16.7% | RSI 30/60:+12.7% | ATR kirilma:+11.0% | Donchian 20/10:+10.8%
2026-10-04 15:17:17,ZEC/USDT,Destek/Direnc kirilmasi,44.15,Destek/Direnc kirilmasi:+44.2% | Dusuk oynaklik:+39.0% | MACD:+37.2% | SMA trend 200:+35.7% | MA kesisme 50/200:+35.7%
2026-10-04 15:17:17,BNB/USDT,Dusuk oynaklik,8.52,Dusuk oynaklik:+8.5% | Momentum 90:+8.5% | Destek/Direnc kirilmasi:+8.5% | ATR kirilma:+8.3% | Major Trend Surucusu:+6.7%
2026-10-04 15:17:17,NEAR/USDT,Dusuk oynaklik,142.12,Dusuk oynaklik:+142.1% | Momentum 180:+109.6% | SMA trend 200:+105.1% | SMA trend 100:+102.6% | MA kesisme 50/200:+99.1%
2026-10-04 15:17:17,XRP/USDT,RSI 30/60,14.95,RSI 30/60:+15.0% | ATR kirilma:+13.5% | Dusuk oynaklik:+9.2% | Destek/Direnc kirilmasi:+9.0% | MACD:+6.9%
2026-10-04 15:17:17,QNT/USDT,SMA trend 200,282.93,SMA trend 200:+282.9% | MA kesisme 50/200:+276.8% | Momentum 180:+268.5% | SMA trend 100:+261.0% | MA kesisme 20/100:+257.0%
2026-10-04 15:17:17,SUI/USDT,Momentum 90,49.62,Momentum 90:+49.6% | Dusuk oynaklik:+47.5% | Momentum 180:+45.7% | SMA trend 200:+44.6% | MA kesisme 20/100:+42.9%
2026-10-04 15:17:17,WLD/USDT,Destek/Direnc kirilmasi,65.26,Destek/Direnc kirilmasi:+65.3% | SMA trend 50:+48.3% | Dusuk oynaklik:+47.6% | Momentum 180:+42.3% | SMA trend 100:+37.3%
2026-10-04 15:17:17,PUMP/USDT,Dusuk oynaklik,45.96,Dusuk oynaklik:+46.0% | SMA trend 200:+33.9% | Fair Value Gap:+31.2% | MACD:+29.4% | Destek/Direnc kirilmasi:+19.0%
2026-10-04 15:17:17,SAND/USDT,Donchian 20/10,114.9,Donchian 20/10:+114.9% | Destek/Direnc kirilmasi:+100.8% | Momentum 180:+95.7% | Donchian 55/20:+89.3% | MA kesisme 20/100:+87.9%
2026-10-04 15:17:17,STRK/USDT,Dusuk oynaklik,102.64,Dusuk oynaklik:+102.6% | Momentum 90:+75.4% | MA kesisme 20/100:+75.2% | Destek/Direnc kirilmasi:+72.2% | MA kesisme 50/200:+66.0%
2026-10-04 15:17:17,DOGE/USDT,RSI 30/60,9.56,RSI 30/60:+9.6% | Dusuk oynaklik:+6.1% | SFP (likidite avi):+5.7% | MACD:+5.2% | Momentum 90:+5.0%
2026-10-04 15:17:17,ZRO/USDT,SMA trend 200,73.81,SMA trend 200:+73.8% | Dusuk oynaklik:+71.3% | MA kesisme 50/200:+67.6% | Momentum 180:+56.0% | MA kesisme 20/100:+44.8%
2026-10-04 15:17:17,FET/USDT,Dusuk oynaklik,48.34,Dusuk oynaklik:+48.3% | Destek/Direnc kirilmasi:+47.3% | MACD:+42.7% | Momentum 180:+29.4% | SMA trend 100:+28.1%
2026-10-04 15:17:17,TAO/USDT,Dusuk oynaklik,37.7,Dusuk oynaklik:+37.7% | MACD:+27.3% | Momentum 90:+26.3% | MA kesisme 20/100:+25.0% | Donchian 55/20:+24.1%
2026-10-04 15:17:17,ENA/USDT,SMA trend 200,53.73,SMA trend 200:+53.7% | MA kesisme 50/200:+53.5% | MA kesisme 20/100:+42.0% | Momentum 90:+35.5% | SMA trend 100:+34.7%
2026-10-04 15:17:17,UNI/USDT,Dusuk oynaklik,40.26,Dusuk oynaklik:+40.3% | Donchian 20/10:+35.5% | MACD:+31.5% | SMA trend 200:+30.1% | MA kesisme 20/100:+28.4%
2026-10-04 15:17:17,LTC/USDT,MA kesisme 20/100,39.5,MA kesisme 20/100:+39.5% | SMA trend 100:+34.3% | Momentum 90:+30.9% | SMA trend 50:+28.9% | MA kesisme 50/200:+25.5%
2026-10-04 15:17:17,ADA/USDT,Dusuk oynaklik,11.14,Dusuk oynaklik:+11.1% | RSI 30/60:+7.9% | Bollinger 20/2:+7.8% | MA kesisme 20/100:+5.8% | MA kesisme 50/200:+4.0%
2026-10-04 15:17:17,AVAX/USDT,Destek/Direnc kirilmasi,35.47,Destek/Direnc kirilmasi:+35.5% | Momentum 180:+33.8% | SMA trend 200:+31.1% | Donchian 55/20:+28.2% | Donchian 20/10:+27.4%
2026-10-04 15:17:17,AAVE/USDT,MACD,49.95,MACD:+50.0% | Momentum 180:+35.6% | Dusuk oynaklik:+31.8% | ATR kirilma:+30.0% | Donchian 20/10:+26.4%
2026-10-04 15:17:17,BEAMX/USDT,Dusuk oynaklik,65.03,Dusuk oynaklik:+65.0% | MACD:+45.0% | Momentum 90:+41.2% | Destek/Direnc kirilmasi:+41.0% | SMA trend 100:+39.9%
2026-10-04 15:17:17,AXS/USDT,Dusuk oynaklik,43.75,Dusuk oynaklik:+43.8% | Momentum 180:+27.9% | MA kesisme 20/100:+22.1% | Destek/Direnc kirilmasi:+21.2% | Momentum 90:+19.4%
2026-10-04 15:17:17,LINK/USDT,Donchian 20/10,23.57,Donchian 20/10:+23.6% | SMA trend 200:+23.4% | Destek/Direnc kirilmasi:+20.2% | Dusuk oynaklik:+19.0% | MACD:+16.3%
2026-10-04 15:17:17,TRX/USDT,Hacim-Fiyat Uyumsuzlugu,3.37,Hacim-Fiyat Uyumsuzlugu:+3.4% | Dusuk oynaklik:+1.6% | Tepe/Dip (rejim uyarlanabilir):+1.5% | RSI 30/60:+0.9% | MA kesisme 20/100:+0.7%
2026-10-04 15:17:17,TRUMP/USDT,RSI 30/60,10.43,RSI 30/60:+10.4% | RSI 20/50:+0.0% | Tepe/Dip (rejim uyarlanabilir):+0.0% | Hacim-Fiyat Uyumsuzlugu:+0.0% | Bollinger 20/2:-2.1%
2026-10-04 15:17:17,MUBARAK/USDT,ATR kirilma,140.6,ATR kirilma:+140.6% | Donchian 20/10:+130.3% | Dusuk oynaklik:+126.6% | Momentum 180:+106.7% | MA kesisme 50/200:+101.2%
2026-10-04 15:17:17,ACE/USDT,MA kesisme 50/200,15.67,MA kesisme 50/200:+15.7% | RSI 30/60:+12.1% | Dusuk oynaklik:+8.3% | RSI 20/50:+2.3% | Kirilim-GeriCekilme-Toparlanma:+1.7%
2026-10-04 15:17:17,GLMR/USDT,Dusuk oynaklik,209.39,Dusuk oynaklik:+209.4% | MACD:+77.9% | MA kesisme 50/200:+55.5% | SMA trend 200:+44.7% | ATR kirilma:+28.0%
2026-10-04 15:17:17,PEPE/USDT,Fair Value Gap,16.92,Fair Value Gap:+16.9% | Dusuk oynaklik:+16.8% | Destek/Direnc kirilmasi:+12.0% | MA kesisme 50/200:+11.4% | Donchian 20/10:+9.1%
2026-10-04 15:17:17,MOVR/USDT,Destek/Direnc kirilmasi,212.75,Destek/Direnc kirilmasi:+212.8% | ATR kirilma:+153.8% | SMA trend 50:+144.7% | Donchian 20/10:+125.0% | MACD:+120.1%
2026-10-04 15:17:17,ICP/USDT,Dusuk oynaklik,33.7,Dusuk oynaklik:+33.7% | MA kesisme 50/200:+29.8% | Destek/Direnc kirilmasi:+22.9% | Fair Value Gap:+20.1% | SMA trend 200:+16.8%
2026-10-04 15:17:17,ONDO/USDT,Momentum 90,38.96,Momentum 90:+39.0% | Dusuk oynaklik:+36.8% | SMA trend 100:+29.2% | Momentum 180:+26.0% | SMA trend 200:+24.5%
2026-10-04 15:17:17,ASTER/USDT,Tepe/Dip (rejim uyarlanabilir),6.32,Tepe/Dip (rejim uyarlanabilir):+6.3% | Hacim-Fiyat Uyumsuzlugu:+6.1% | Donchian 55/20:+3.9% | Bollinger 20/2:+3.2% | RSI 30/60:+2.4%
2026-10-04 15:17:17,U/USDT,RSI 20/50,0.0,RSI 20/50:+0.0% | SFP (likidite avi):+0.0% | RSI 30/60:-0.1% | Dusuk oynaklik:-0.1% | Donchian 55/20:-0.2%
2026-10-04 15:17:17,ZAMA/USDT,Major Trend Surucusu,54.85,Major Trend Surucusu:+54.9% | SMA trend 200:+52.0% | Momentum 90:+49.1% | Destek/Direnc kirilmasi:+46.9% | Donchian 20/10:+45.6%
2026-10-04 15:17:17,MARSCOIN/USDT,Dusuk oynaklik,8.82,Dusuk oynaklik:+8.8% | ATR kirilma:+6.8% | SMA trend 50:+5.3% | RSI 20/50:+0.0% | Tepe/Dip (rejim uyarlanabilir):+0.0%
2026-10-04 15:17:17,AT/USDT,Tepe/Dip (rejim uyarlanabilir),1.05,Tepe/Dip (rejim uyarlanabilir):+1.0% | Hacim-Fiyat Uyumsuzlugu:+0.2% | Kirilim-GeriCekilme-Toparlanma:-1.2% | SMA trend 50:-2.0% | Order Block:-2.8%
2026-10-04 19:35:37,BTC/USDT,Dusuk oynaklik,4.9,Dusuk oynaklik:+4.9% | Donchian 20/10:+4.9% | MACD:+4.7% | RSI 30/60:+3.8% | Destek/Direnc kirilmasi:+3.8%
2026-10-04 19:35:37,ETH/USDT,Tepe/Dip (rejim uyarlanabilir),12.63,Tepe/Dip (rejim uyarlanabilir):+12.6% | Dusuk oynaklik:+7.2% | RSI 30/60:+6.9% | Bollinger 20/2:+4.7% | MACD:+3.2%
2026-10-04 19:35:37,SOL/USDT,MACD,18.18,MACD:+18.2% | Dusuk oynaklik:+16.0% | RSI 30/60:+12.7% | ATR kirilma:+10.7% | Donchian 20/10:+10.4%
2026-10-04 19:35:37,ZEC/USDT,MACD,40.86,MACD:+40.9% | Dusuk oynaklik:+38.5% | SMA trend 200:+34.6% | MA kesisme 50/200:+34.6% | Momentum 90:+34.1%
2026-10-04 19:35:37,NEAR/USDT,Dusuk oynaklik,149.26,Dusuk oynaklik:+149.3% | Momentum 180:+109.3% | SMA trend 200:+104.8% | SMA trend 100:+104.3% | MA kesisme 50/200:+98.8%
2026-10-04 19:35:37,SUI/USDT,Momentum 90,52.88,Momentum 90:+52.9% | Dusuk oynaklik:+50.8% | Momentum 180:+49.1% | SMA trend 200:+47.7% | MA kesisme 20/100:+46.0%
2026-10-04 19:35:37,XRP/USDT,RSI 30/60,14.95,RSI 30/60:+15.0% | ATR kirilma:+13.5% | Dusuk oynaklik:+8.6% | Destek/Direnc kirilmasi:+8.3% | MACD:+6.9%
2026-10-04 19:35:37,QNT/USDT,SMA trend 200,276.4,SMA trend 200:+276.4% | MA kesisme 50/200:+270.4% | Momentum 180:+262.2% | SMA trend 100:+259.0% | MA kesisme 20/100:+255.1%
2026-10-04 19:35:37,BNB/USDT,Destek/Direnc kirilmasi,8.77,Destek/Direnc kirilmasi:+8.8% | Dusuk oynaklik:+8.2% | Momentum 90:+8.2% | ATR kirilma:+8.2% | Major Trend Surucusu:+6.4%
2026-10-04 19:35:37,PUMP/USDT,Dusuk oynaklik,44.42,Dusuk oynaklik:+44.4% | SMA trend 200:+38.7% | Fair Value Gap:+31.2% | MACD:+30.2% | Destek/Direnc kirilmasi:+22.4%
2026-10-04 19:35:37,DOGE/USDT,RSI 30/60,9.46,RSI 30/60:+9.5% | Dusuk oynaklik:+7.0% | MACD:+6.6% | SFP (likidite avi):+5.7% | Donchian 20/10:+5.4%
2026-10-04 19:35:37,WLD/USDT,Destek/Direnc kirilmasi,64.78,Destek/Direnc kirilmasi:+64.8% | Dusuk oynaklik:+45.7% | SMA trend 50:+45.6% | Momentum 180:+40.9% | SMA trend 100:+35.5%
2026-10-04 19:35:37,FET/USDT,Destek/Direnc kirilmasi,56.48,Destek/Direnc kirilmasi:+56.5% | Dusuk oynaklik:+55.6% | MACD:+46.8% | SMA trend 100:+34.2% | Momentum 180:+31.5%
2026-10-04 19:35:37,ADA/USDT,Dusuk oynaklik,11.17,Dusuk oynaklik:+11.2% | RSI 30/60:+7.9% | Bollinger 20/2:+7.8% | MA kesisme 20/100:+4.2% | Kirilim-GeriCekilme-Toparlanma:+2.9%
2026-10-04 19:35:37,SAND/USDT,Donchian 20/10,105.81,Donchian 20/10:+105.8% | Destek/Direnc kirilmasi:+92.7% | Momentum 180:+87.4% | Donchian 55/20:+81.3% | MA kesisme 20/100:+80.3%
2026-10-04 19:35:37,ENA/USDT,MA kesisme 50/200,56.31,MA kesisme 50/200:+56.3% | SMA trend 200:+54.4% | MA kesisme 20/100:+42.7% | Momentum 90:+36.1% | SMA trend 100:+35.3%
2026-10-04 19:35:37,STRK/USDT,Dusuk oynaklik,94.09,Dusuk oynaklik:+94.1% | Momentum 90:+68.0% | MA kesisme 20/100:+67.8% | Destek/Direnc kirilmasi:+64.7% | MA kesisme 50/200:+58.9%
2026-10-04 19:35:37,LTC/USDT,MA kesisme 20/100,37.84,MA kesisme 20/100:+37.8% | SMA trend 100:+32.7% | Momentum 90:+29.4% | SMA trend 50:+27.4% | MA kesisme 50/200:+24.0%
2026-10-04 19:35:37,TAO/USDT,Dusuk oynaklik,33.92,Dusuk oynaklik:+33.9% | MACD:+27.9% | Momentum 90:+25.2% | Donchian 55/20:+24.1% | ATR kirilma:+21.8%
2026-10-04 19:35:37,MUBARAK/USDT,ATR kirilma,134.08,ATR kirilma:+134.1% | Donchian 20/10:+116.3% | Dusuk oynaklik:+109.1% | Momentum 180:+90.8% | MA kesisme 50/200:+85.6%
2026-10-04 19:35:37,BEAMX/USDT,Dusuk oynaklik,67.15,Dusuk oynaklik:+67.2% | MACD:+41.8% | Momentum 90:+39.1% | Destek/Direnc kirilmasi:+39.0% | SMA trend 100:+37.9%
2026-10-04 19:35:37,ZRO/USDT,SMA trend 200,70.58,SMA trend 200:+70.6% | Dusuk oynaklik:+68.1% | MA kesisme 50/200:+66.9% | Momentum 180:+55.4% | MA kesisme 20/100:+42.1%
2026-10-04 19:35:37,UNI/USDT,Dusuk oynaklik,42.36,Dusuk oynaklik:+42.4% | Donchian 20/10:+35.5% | SMA trend 200:+32.3% | MACD:+31.5% | MA kesisme 20/100:+30.3%
2026-10-04 19:35:37,AVAX/USDT,Destek/Direnc kirilmasi,35.46,Destek/Direnc kirilmasi:+35.5% | Momentum 180:+34.3% | SMA trend 200:+31.4% | Donchian 55/20:+28.2% | Donchian 20/10:+27.4%
2026-10-04 19:35:37,AXS/USDT,Dusuk oynaklik,45.06,Dusuk oynaklik:+45.1% | Momentum 180:+28.3% | MA kesisme 20/100:+23.2% | Destek/Direnc kirilmasi:+20.8% | Momentum 90:+20.5%
2026-10-04 19:35:37,AAVE/USDT,MACD,50.89,MACD:+50.9% | Momentum 180:+35.1% | Dusuk oynaklik:+31.2% | ATR kirilma:+30.0% | Donchian 20/10:+26.4%
2026-10-04 19:35:37,LINK/USDT,SMA trend 200,22.06,SMA trend 200:+22.1% | Donchian 20/10:+20.7% | Destek/Direnc kirilmasi:+19.0% | Dusuk oynaklik:+17.9% | MACD:+16.5%
2026-10-04 19:35:37,TRUMP/USDT,RSI 30/60,10.43,RSI 30/60:+10.4% | RSI 20/50:+0.0% | Tepe/Dip (rejim uyarlanabilir):+0.0% | Hacim-Fiyat Uyumsuzlugu:+0.0% | Bollinger 20/2:-2.1%
2026-10-04 19:35:37,ACE/USDT,MA kesisme 50/200,15.67,MA kesisme 50/200:+15.7% | RSI 30/60:+12.1% | Dusuk oynaklik:+8.2% | RSI 20/50:+2.3% | Kirilim-GeriCekilme-Toparlanma:+1.7%
2026-10-04 19:35:37,TRX/USDT,Hacim-Fiyat Uyumsuzlugu,3.7,Hacim-Fiyat Uyumsuzlugu:+3.7% | Dusuk oynaklik:+1.8% | Tepe/Dip (rejim uyarlanabilir):+1.7% | MA kesisme 20/100:+1.0% | RSI 30/60:+0.9%
2026-10-04 19:35:37,ICP/USDT,Dusuk oynaklik,31.21,Dusuk oynaklik:+31.2% | MA kesisme 50/200:+27.4% | Destek/Direnc kirilmasi:+19.7% | Fair Value Gap:+18.2% | SMA trend 200:+14.7%
2026-10-04 19:35:37,ONDO/USDT,Momentum 90,37.81,Momentum 90:+37.8% | Dusuk oynaklik:+35.4% | SMA trend 100:+28.3% | Momentum 180:+26.0% | SMA trend 200:+23.5%
2026-10-04 19:35:37,HYPE/USDT,SFP (likidite avi),4.23,SFP (likidite avi):+4.2% | RSI 30/60:+3.8% | Kirilim-GeriCekilme-Toparlanma:+2.1% | Order Block:+1.8% | Bollinger 20/2:+1.0%
2026-10-04 19:35:37,PEPE/USDT,Dusuk oynaklik,16.71,Dusuk oynaklik:+16.7% | Fair Value Gap:+16.6% | Destek/Direnc kirilmasi:+12.0% | MA kesisme 50/200:+11.4% | MACD:+9.8%
2026-10-04 19:35:37,U/USDT,RSI 20/50,0.0,RSI 20/50:+0.0% | SFP (likidite avi):+0.0% | RSI 30/60:-0.1% | Dusuk oynaklik:-0.1% | Donchian 55/20:-0.2%
2026-10-04 19:35:37,ASTER/USDT,Tepe/Dip (rejim uyarlanabilir),6.32,Tepe/Dip (rejim uyarlanabilir):+6.3% | Hacim-Fiyat Uyumsuzlugu:+5.2% | Donchian 55/20:+3.9% | SMA trend 50:+2.9% | RSI 30/60:+2.3%
2026-10-04 19:35:37,GLMR/USDT,Dusuk oynaklik,214.34,Dusuk oynaklik:+214.3% | MACD:+78.2% | MA kesisme 50/200:+55.3% | SMA trend 200:+44.6% | ATR kirilma:+27.4%
2026-10-04 19:35:37,VIRTUAL/USDT,Dusuk oynaklik,17.54,Dusuk oynaklik:+17.5% | Bollinger 20/2:+16.0% | Momentum 180:+14.4% | RSI 30/60:+13.5% | SMA trend 200:+11.6%
2026-10-04 19:35:37,BCH/USDT,Momentum 90,38.83,Momentum 90:+38.8% | MA kesisme 20/100:+36.9% | SMA trend 100:+31.5% | Donchian 55/20:+24.4% | SMA trend 200:+23.8%
2026-10-04 19:35:37,MARSCOIN/USDT,Dusuk oynaklik,9.49,Dusuk oynaklik:+9.5% | ATR kirilma:+6.8% | SMA trend 50:+5.3% | RSI 20/50:+0.0% | Tepe/Dip (rejim uyarlanabilir):+0.0%
2026-10-04 23:04:09,BTC/USDT,Donchian 20/10,6.13,Donchian 20/10:+6.1% | Dusuk oynaklik:+6.1% | MACD:+6.0% | Destek/Direnc kirilmasi:+5.7% | RSI 30/60:+3.8%
2026-10-04 23:04:09,ETH/USDT,Tepe/Dip (rejim uyarlanabilir),12.63,Tepe/Dip (rejim uyarlanabilir):+12.6% | Dusuk oynaklik:+7.6% | RSI 30/60:+6.9% | Bollinger 20/2:+4.7% | MACD:+4.3%
2026-10-04 23:04:09,SOL/USDT,MACD,17.65,MACD:+17.7% | Dusuk oynaklik:+15.7% | RSI 30/60:+12.7% | Donchian 20/10:+10.7% | ATR kirilma:+10.3%
2026-10-04 23:04:09,ZEC/USDT,MACD,46.44,MACD:+46.4% | Destek/Direnc kirilmasi:+35.2% | ATR kirilma:+33.0% | Dusuk oynaklik:+30.3% | SMA trend 200:+25.1%
2026-10-04 23:04:09,NEAR/USDT,Dusuk oynaklik,143.01,Dusuk oynaklik:+143.0% | Momentum 180:+105.9% | SMA trend 200:+99.3% | SMA trend 100:+99.3% | MA kesisme 50/200:+95.5%
2026-10-04 23:04:09,XRP/USDT,RSI 30/60,14.95,RSI 30/60:+15.0% | ATR kirilma:+14.6% | Dusuk oynaklik:+9.2% | Destek/Direnc kirilmasi:+9.0% | MACD:+7.4%
2026-10-04 23:04:09,SUI/USDT,Momentum 90,51.1,Momentum 90:+51.1% | Dusuk oynaklik:+49.0% | Momentum 180:+47.9% | Destek/Direnc kirilmasi:+47.5% | SMA trend 200:+46.0%
2026-10-04 23:04:09,BNB/USDT,Dusuk oynaklik,9.98,Dusuk oynaklik:+10.0% | Momentum 90:+10.0% | Destek/Direnc kirilmasi:+9.6% | Major Trend Surucusu:+9.0% | ATR kirilma:+8.5%
2026-10-04 23:04:09,DOGE/USDT,RSI 30/60,9.46,RSI 30/60:+9.5% | MACD:+8.0% | Dusuk oynaklik:+7.9% | Donchian 20/10:+6.8% | Momentum 90:+6.1%
2026-10-04 23:04:09,QNT/USDT,SMA trend 200,267.01,SMA trend 200:+267.0% | MA kesisme 50/200:+261.2% | SMA trend 100:+257.8% | Momentum 180:+253.2% | MA kesisme 20/100:+241.7%
2026-10-04 23:04:09,ADA/USDT,Dusuk oynaklik,16.55,Dusuk oynaklik:+16.5% | Donchian 20/10:+8.3% | RSI 30/60:+7.9% | Bollinger 20/2:+7.8% | MA kesisme 20/100:+4.3%
2026-10-04 23:04:09,PUMP/USDT,Dusuk oynaklik,43.73,Dusuk oynaklik:+43.7% | SMA trend 200:+37.8% | Fair Value Gap:+34.2% | MACD:+30.3% | Destek/Direnc kirilmasi:+21.7%
2026-10-04 23:04:09,FET/USDT,Destek/Direnc kirilmasi,58.98,Destek/Direnc kirilmasi:+59.0% | Dusuk oynaklik:+57.7% | MACD:+45.1% | SMA trend 100:+36.1% | Momentum 180:+33.6%
2026-10-04 23:04:09,WLD/USDT,Destek/Direnc kirilmasi,66.59,Destek/Direnc kirilmasi:+66.6% | Dusuk oynaklik:+45.7% | SMA trend 50:+44.0% | Momentum 180:+41.3% | SMA trend 100:+35.6%
2026-10-04 23:04:09,SAND/USDT,Donchian 20/10,109.28,Donchian 20/10:+109.3% | Destek/Direnc kirilmasi:+100.9% | Momentum 180:+90.6% | Donchian 55/20:+84.4% | MA kesisme 20/100:+83.0%
2026-10-04 23:04:09,ENA/USDT,MA kesisme 50/200,52.47,MA kesisme 50/200:+52.5% | SMA trend 200:+50.6% | MA kesisme 20/100:+39.1% | Donchian 55/20:+33.9% | Momentum 90:+32.8%
2026-10-04 23:04:09,STRK/USDT,Dusuk oynaklik,108.47,Dusuk oynaklik:+108.5% | Momentum 90:+80.4% | MA kesisme 20/100:+80.2% | Destek/Direnc kirilmasi:+76.6% | MA kesisme 50/200:+70.7%
2026-10-04 23:04:09,LTC/USDT,MA kesisme 20/100,36.13,MA kesisme 20/100:+36.1% | SMA trend 100:+31.0% | Momentum 90:+27.8% | SMA trend 50:+25.8% | MA kesisme 50/200:+22.5%
2026-10-04 23:04:09,MUBARAK/USDT,ATR kirilma,126.4,ATR kirilma:+126.4% | Dusuk oynaklik:+102.6% | Donchian 20/10:+102.3% | Momentum 180:+84.8% | MA kesisme 50/200:+79.5%
2026-10-04 23:04:09,TAO/USDT,Dusuk oynaklik,34.56,Dusuk oynaklik:+34.6% | MACD:+27.5% | Momentum 90:+24.6% | Donchian 55/20:+24.1% | MA kesisme 20/100:+22.2%
2026-10-04 23:04:09,BEAMX/USDT,Dusuk oynaklik,65.13,Dusuk oynaklik:+65.1% | MACD:+41.8% | Momentum 90:+35.2% | Destek/Direnc kirilmasi:+35.1% | SMA trend 100:+34.0%
2026-10-04 23:04:09,AVAX/USDT,Destek/Direnc kirilmasi,36.28,Destek/Direnc kirilmasi:+36.3% | Momentum 180:+34.6% | SMA trend 200:+31.1% | Donchian 55/20:+28.2% | Donchian 20/10:+27.4%
2026-10-04 23:04:09,UNI/USDT,Dusuk oynaklik,40.01,Dusuk oynaklik:+40.0% | Donchian 20/10:+35.5% | MACD:+30.4% | SMA trend 200:+29.4% | MA kesisme 20/100:+28.2%
2026-10-04 23:04:09,AXS/USDT,Dusuk oynaklik,45.16,Dusuk oynaklik:+45.2% | Momentum 180:+28.4% | MA kesisme 20/100:+23.3% | Destek/Direnc kirilmasi:+20.8% | Momentum 90:+20.6%
2026-10-04 23:04:09,AAVE/USDT,MACD,49.47,MACD:+49.5% | Momentum 180:+33.2% | ATR kirilma:+30.0% | Dusuk oynaklik:+29.4% | Donchian 20/10:+26.4%
2026-10-04 23:04:09,ZRO/USDT,SMA trend 200,72.24,SMA trend 200:+72.2% | Dusuk oynaklik:+69.8% | MA kesisme 50/200:+66.4% | Momentum 180:+54.9% | MA kesisme 20/100:+43.5%
2026-10-04 23:04:09,PEPE/USDT,Dusuk oynaklik,19.23,Dusuk oynaklik:+19.2% | Fair Value Gap:+16.5% | Destek/Direnc kirilmasi:+15.8% | MACD:+12.5% | MA kesisme 50/200:+11.4%
2026-10-04 23:04:09,TRUMP/USDT,RSI 30/60,10.43,RSI 30/60:+10.4% | RSI 20/50:+0.0% | Tepe/Dip (rejim uyarlanabilir):+0.0% | Hacim-Fiyat Uyumsuzlugu:+0.0% | Bollinger 20/2:-2.1%
2026-10-04 23:04:09,HYPE/USDT,SFP (likidite avi),4.23,SFP (likidite avi):+4.2% | RSI 30/60:+3.8% | Kirilim-GeriCekilme-Toparlanma:+2.1% | Order Block:+1.8% | Bollinger 20/2:+1.0%
2026-10-04 23:04:09,LINK/USDT,Donchian 20/10,20.7,Donchian 20/10:+20.7% | SMA trend 200:+20.6% | Destek/Direnc kirilmasi:+18.0% | MACD:+17.0% | Dusuk oynaklik:+16.9%
2026-10-04 23:04:09,ACE/USDT,MA kesisme 50/200,15.67,MA kesisme 50/200:+15.7% | RSI 30/60:+12.1% | Dusuk oynaklik:+8.3% | Kirilim-GeriCekilme-Toparlanma:+1.7% | Tepe/Dip (rejim uyarlanabilir):+0.0%
2026-10-04 23:04:09,ICP/USDT,Dusuk oynaklik,29.88,Dusuk oynaklik:+29.9% | MA kesisme 50/200:+26.2% | Destek/Direnc kirilmasi:+18.7% | Fair Value Gap:+16.8% | SMA trend 200:+13.5%
2026-10-04 23:04:09,ONDO/USDT,Momentum 90,36.42,Momentum 90:+36.4% | Dusuk oynaklik:+34.9% | SMA trend 100:+27.0% | Momentum 180:+26.0% | SMA trend 200:+22.3%
2026-10-04 23:04:09,TRX/USDT,Hacim-Fiyat Uyumsuzlugu,3.88,Hacim-Fiyat Uyumsuzlugu:+3.9% | Dusuk oynaklik:+2.0% | Tepe/Dip (rejim uyarlanabilir):+1.6% | MA kesisme 20/100:+1.2% | RSI 30/60:+0.9%
2026-10-04 23:04:09,U/USDT,RSI 20/50,0.0,RSI 20/50:+0.0% | SFP (likidite avi):+0.0% | RSI 30/60:-0.1% | Dusuk oynaklik:-0.1% | Donchian 55/20:-0.2%
2026-10-04 23:04:09,GTC/USDT,Destek/Direnc kirilmasi,100.63,Destek/Direnc kirilmasi:+100.6% | MACD:+96.5% | SMA trend 200:+91.0% | Momentum 180:+84.7% | SMA trend 100:+75.7%
2026-10-04 23:04:09,ASTER/USDT,Tepe/Dip (rejim uyarlanabilir),6.32,Tepe/Dip (rejim uyarlanabilir):+6.3% | Donchian 55/20:+3.9% | Hacim-Fiyat Uyumsuzlugu:+2.6% | RSI 30/60:+2.4% | SMA trend 50:+0.9%
2026-10-04 23:04:09,VIRTUAL/USDT,Dusuk oynaklik,17.0,Dusuk oynaklik:+17.0% | Bollinger 20/2:+16.0% | Momentum 180:+13.8% | RSI 30/60:+13.5% | SMA trend 200:+11.1%
2026-10-04 23:04:09,BCH/USDT,Momentum 90,38.01,Momentum 90:+38.0% | MA kesisme 20/100:+36.1% | SMA trend 100:+30.7% | Donchian 55/20:+25.2% | ATR kirilma:+23.5%
2026-10-04 23:04:09,MARSCOIN/USDT,Dusuk oynaklik,8.53,Dusuk oynaklik:+8.5% | ATR kirilma:+6.8% | SMA trend 50:+5.3% | RSI 20/50:+0.0% | Tepe/Dip (rejim uyarlanabilir):+0.0%
2026-10-05 01:56:39,BTC/USDT,Donchian 20/10,6.4,Donchian 20/10:+6.4% | Dusuk oynaklik:+6.3% | MACD:+6.3% | Destek/Direnc kirilmasi:+6.0% | RSI 30/60:+3.8%
2026-10-05 01:56:39,ETH/USDT,Tepe/Dip (rejim uyarlanabilir),12.63,Tepe/Dip (rejim uyarlanabilir):+12.6% | Dusuk oynaklik:+7.5% | RSI 30/60:+6.9% | Bollinger 20/2:+4.7% | MACD:+4.3%
2026-10-05 01:56:39,SOL/USDT,MACD,17.68,MACD:+17.7% | Dusuk oynaklik:+15.6% | RSI 30/60:+12.7% | Donchian 20/10:+10.3% | ATR kirilma:+10.3%
2026-10-05 01:56:39,XRP/USDT,ATR kirilma,14.96,ATR kirilma:+15.0% | RSI 30/60:+15.0% | Dusuk oynaklik:+10.1% | Destek/Direnc kirilmasi:+9.8% | MACD:+8.2%
2026-10-05 01:56:39,ZEC/USDT,MACD,46.45,MACD:+46.4% | Destek/Direnc kirilmasi:+37.7% | Dusuk oynaklik:+32.7% | ATR kirilma:+32.3% | SMA trend 200:+27.5%
2026-10-05 01:56:39,SUI/USDT,Momentum 90,52.27,Momentum 90:+52.3% | Dusuk oynaklik:+50.2% | Destek/Direnc kirilmasi:+48.6% | Momentum 180:+47.9% | SMA trend 200:+47.1%
2026-10-05 01:56:39,NEAR/USDT,Dusuk oynaklik,137.97,Dusuk oynaklik:+138.0% | Momentum 180:+103.9% | SMA trend 200:+97.4% | SMA trend 100:+95.3% | MA kesisme 50/200:+93.7%
2026-10-05 01:56:39,BNB/USDT,Destek/Direnc kirilmasi,9.74,Destek/Direnc kirilmasi:+9.7% | Dusuk oynaklik:+9.6% | Momentum 90:+9.6% | Major Trend Surucusu:+9.2% | ATR kirilma:+8.2%
2026-10-05 01:56:39,ADA/USDT,Dusuk oynaklik,18.16,Dusuk oynaklik:+18.2% | Donchian 20/10:+8.8% | RSI 30/60:+7.9% | Bollinger 20/2:+7.8% | MA kesisme 20/100:+6.6%
2026-10-05 01:56:39,DOGE/USDT,RSI 30/60,9.46,RSI 30/60:+9.5% | MACD:+7.9% | Dusuk oynaklik:+7.9% | Donchian 20/10:+6.8% | Momentum 90:+6.0%
2026-10-05 01:56:39,QNT/USDT,SMA trend 200,265.67,SMA trend 200:+265.7% | MA kesisme 50/200:+259.8% | SMA trend 100:+254.0% | Momentum 180:+251.9% | MA kesisme 20/100:+238.1%
2026-10-05 01:56:39,PUMP/USDT,Dusuk oynaklik,47.73,Dusuk oynaklik:+47.7% | Fair Value Gap:+38.2% | SMA trend 200:+38.1% | MACD:+30.3% | Destek/Direnc kirilmasi:+21.9%
2026-10-05 01:56:39,FET/USDT,Destek/Direnc kirilmasi,62.08,Destek/Direnc kirilmasi:+62.1% | Dusuk oynaklik:+62.0% | MACD:+47.0% | SMA trend 100:+39.6% | Momentum 180:+36.2%
2026-10-05 01:56:39,WLD/USDT,Destek/Direnc kirilmasi,66.59,Destek/Direnc kirilmasi:+66.6% | Dusuk oynaklik:+47.5% | SMA trend 50:+45.6% | Momentum 180:+41.8% | SMA trend 100:+37.2%
2026-10-05 01:56:39,ENA/USDT,MA kesisme 50/200,53.33,MA kesisme 50/200:+53.3% | SMA trend 200:+51.5% | MA kesisme 20/100:+39.9% | Donchian 55/20:+33.9% | Momentum 90:+33.5%
2026-10-05 01:56:39,SAND/USDT,Donchian 20/10,103.2,Donchian 20/10:+103.2% | Destek/Direnc kirilmasi:+95.1% | Momentum 180:+85.1% | Donchian 55/20:+79.0% | MA kesisme 20/100:+78.2%
2026-10-05 01:56:39,MUBARAK/USDT,ATR kirilma,118.59,ATR kirilma:+118.6% | Donchian 20/10:+102.3% | Dusuk oynaklik:+96.1% | Momentum 180:+79.0% | MA kesisme 50/200:+73.9%
2026-10-05 01:56:39,BEAMX/USDT,Dusuk oynaklik,67.46,Dusuk oynaklik:+67.5% | MACD:+41.6% | Momentum 90:+36.3% | Destek/Direnc kirilmasi:+36.1% | SMA trend 100:+35.1%
2026-10-05 01:56:39,STRK/USDT,Dusuk oynaklik,109.13,Dusuk oynaklik:+109.1% | Momentum 90:+81.0% | MA kesisme 20/100:+80.8% | Destek/Direnc kirilmasi:+77.3% | MA kesisme 50/200:+71.3%
2026-10-05 01:56:39,AVAX/USDT,Destek/Direnc kirilmasi,36.28,Destek/Direnc kirilmasi:+36.3% | Momentum 180:+33.4% | SMA trend 200:+30.4% | Donchian 55/20:+28.2% | Donchian 20/10:+27.4%
2026-10-05 01:56:39,LTC/USDT,MA kesisme 20/100,36.66,MA kesisme 20/100:+36.7% | SMA trend 100:+31.6% | Momentum 90:+28.3% | SMA trend 50:+26.3% | MA kesisme 50/200:+23.0%
2026-10-05 01:56:39,UNI/USDT,Dusuk oynaklik,42.98,Dusuk oynaklik:+43.0% | Donchian 20/10:+35.5% | MACD:+32.4% | SMA trend 200:+31.0% | MA kesisme 20/100:+30.8%
2026-10-05 01:56:39,GTC/USDT,Destek/Direnc kirilmasi,139.07,Destek/Direnc kirilmasi:+139.1% | MACD:+136.0% | SMA trend 200:+127.9% | Momentum 180:+120.4% | SMA trend 100:+110.1%
2026-10-05 01:56:39,AAVE/USDT,MACD,51.37,MACD:+51.4% | Momentum 180:+35.9% | Dusuk oynaklik:+32.0% | ATR kirilma:+30.0% | Donchian 20/10:+28.3%
2026-10-05 01:56:39,TAO/USDT,Dusuk oynaklik,34.35,Dusuk oynaklik:+34.4% | MACD:+27.4% | Momentum 90:+24.6% | Donchian 55/20:+24.1% | MA kesisme 20/100:+22.0%
2026-10-05 01:56:39,AXS/USDT,Dusuk oynaklik,42.39,Dusuk oynaklik:+42.4% | Momentum 180:+26.6% | Destek/Direnc kirilmasi:+23.6% | MA kesisme 20/100:+21.0% | Momentum 90:+18.3%
2026-10-05 01:56:39,PEPE/USDT,Dusuk oynaklik,19.8,Dusuk oynaklik:+19.8% | Fair Value Gap:+16.5% | Destek/Direnc kirilmasi:+16.1% | MACD:+12.7% | MA kesisme 50/200:+11.4%
2026-10-05 01:56:39,HYPE/USDT,SFP (likidite avi),4.23,SFP (likidite avi):+4.2% | RSI 30/60:+3.8% | Kirilim-GeriCekilme-Toparlanma:+2.1% | Order Block:+1.8% | Bollinger 20/2:+1.0%
2026-10-05 01:56:39,TRUMP/USDT,RSI 30/60,10.43,RSI 30/60:+10.4% | RSI 20/50:+0.0% | Tepe/Dip (rejim uyarlanabilir):+0.0% | Hacim-Fiyat Uyumsuzlugu:+0.0% | Bollinger 20/2:-2.1%
2026-10-05 01:56:39,ZRO/USDT,SMA trend 200,71.17,SMA trend 200:+71.2% | Dusuk oynaklik:+68.8% | MA kesisme 50/200:+65.1% | Momentum 180:+53.7% | MA kesisme 20/100:+42.6%
2026-10-05 01:56:39,TRX/USDT,Hacim-Fiyat Uyumsuzlugu,3.88,Hacim-Fiyat Uyumsuzlugu:+3.9% | Dusuk oynaklik:+2.0% | Tepe/Dip (rejim uyarlanabilir):+1.6% | MA kesisme 20/100:+1.1% | RSI 30/60:+0.9%
2026-10-05 01:56:39,LINK/USDT,SMA trend 200,20.61,SMA trend 200:+20.6% | Donchian 20/10:+20.5% | Destek/Direnc kirilmasi:+18.0% | MACD:+17.1% | Dusuk oynaklik:+16.9%
2026-10-05 01:56:39,ONDO/USDT,Momentum 90,36.74,Momentum 90:+36.7% | Dusuk oynaklik:+36.0% | SMA trend 100:+27.8% | Momentum 180:+26.0% | SMA trend 200:+22.6%
2026-10-05 01:56:39,ACE/USDT,MA kesisme 50/200,15.67,MA kesisme 50/200:+15.7% | RSI 30/60:+12.1% | Dusuk oynaklik:+9.1% | Kirilim-GeriCekilme-Toparlanma:+1.7% | Tepe/Dip (rejim uyarlanabilir):+0.0%
2026-10-05 01:56:39,ICP/USDT,Dusuk oynaklik,29.76,Dusuk oynaklik:+29.8% | MA kesisme 50/200:+26.1% | Destek/Direnc kirilmasi:+19.4% | Fair Value Gap:+16.8% | SMA trend 200:+13.4%
2026-10-05 01:56:39,U/USDT,RSI 20/50,0.0,RSI 20/50:+0.0% | SFP (likidite avi):+0.0% | RSI 30/60:-0.1% | Dusuk oynaklik:-0.1% | Donchian 55/20:-0.2%
2026-10-05 01:56:39,VIRTUAL/USDT,Dusuk oynaklik,19.6,Dusuk oynaklik:+19.6% | Bollinger 20/2:+16.0% | Momentum 180:+15.6% | RSI 30/60:+13.5% | SMA trend 200:+12.8%
2026-10-05 01:56:39,ASTER/USDT,Tepe/Dip (rejim uyarlanabilir),6.32,Tepe/Dip (rejim uyarlanabilir):+6.3% | Donchian 55/20:+4.1% | RSI 30/60:+2.9% | Hacim-Fiyat Uyumsuzlugu:+1.3% | Bollinger 20/2:+0.5%
2026-10-05 01:56:39,ORCA/USDT,Donchian 20/10,64.41,Donchian 20/10:+64.4% | Dusuk oynaklik:+59.9% | Destek/Direnc kirilmasi:+58.5% | MA kesisme 20/100:+54.7% | Momentum 90:+51.9%
2026-10-05 01:56:39,XLM/USDT,Dusuk oynaklik,23.98,Dusuk oynaklik:+24.0% | RSI 30/60:+16.3% | Donchian 20/10:+10.8% | Destek/Direnc kirilmasi:+10.2% | SFP (likidite avi):+8.8%
2026-10-05 08:55:33,BTC/USDT,Dusuk oynaklik,8.0,Dusuk oynaklik:+8.0% | Donchian 20/10:+5.9% | Destek/Direnc kirilmasi:+5.5% | Momentum 180:+5.1% | MACD:+5.0%
2026-10-05 08:55:33,ETH/USDT,Tepe/Dip (rejim uyarlanabilir),12.63,Tepe/Dip (rejim uyarlanabilir):+12.6% | Dusuk oynaklik:+10.8% | RSI 30/60:+6.9% | Destek/Direnc kirilmasi:+6.1% | Bollinger 20/2:+4.9%
2026-10-05 08:55:33,SOL/USDT,Dusuk oynaklik,19.06,Dusuk oynaklik:+19.1% | MACD:+16.2% | RSI 30/60:+12.7% | ATR kirilma:+10.3% | MA kesisme 50/200:+9.5%
2026-10-05 08:55:33,XRP/USDT,RSI 30/60,14.95,RSI 30/60:+15.0% | Dusuk oynaklik:+14.1% | ATR kirilma:+13.6% | Destek/Direnc kirilmasi:+13.0% | Donchian 20/10:+7.3%
2026-10-05 08:55:33,NEAR/USDT,Dusuk oynaklik,153.04,Dusuk oynaklik:+153.0% | Momentum 180:+106.3% | SMA trend 200:+105.4% | SMA trend 100:+97.6% | MA kesisme 50/200:+95.9%
2026-10-05 08:55:33,BNB/USDT,Dusuk oynaklik,9.82,Dusuk oynaklik:+9.8% | Momentum 90:+9.8% | Destek/Direnc kirilmasi:+9.1% | Major Trend Surucusu:+8.5% | ATR kirilma:+7.2%
2026-10-05 08:55:33,SUI/USDT,Momentum 90,59.57,Momentum 90:+59.6% | Dusuk oynaklik:+57.4% | SMA trend 200:+55.6% | MA kesisme 20/100:+52.4% | Destek/Direnc kirilmasi:+50.8%
2026-10-05 08:55:33,ZEC/USDT,MACD,45.34,MACD:+45.3% | Destek/Direnc kirilmasi:+33.6% | ATR kirilma:+33.3% | Dusuk oynaklik:+29.4% | SMA trend 200:+26.9%
2026-10-05 08:55:33,ADA/USDT,Dusuk oynaklik,27.46,Dusuk oynaklik:+27.5% | MA kesisme 20/100:+14.9% | Donchian 20/10:+12.5% | Momentum 90:+12.1% | Bollinger 20/2:+9.3%
2026-10-05 08:55:33,DOGE/USDT,Dusuk oynaklik,12.5,Dusuk oynaklik:+12.5% | Momentum 90:+10.6% | RSI 30/60:+9.5% | SMA trend 200:+7.9% | Donchian 20/10:+7.0%
2026-10-05 08:55:33,FET/USDT,Dusuk oynaklik,67.45,Dusuk oynaklik:+67.4% | Destek/Direnc kirilmasi:+63.1% | SMA trend 100:+45.9% | MACD:+39.1% | Momentum 180:+37.1%
2026-10-05 08:55:33,QNT/USDT,SMA trend 200,284.78,SMA trend 200:+284.8% | MA kesisme 50/200:+284.1% | Momentum 180:+275.6% | SMA trend 100:+270.2% | MA kesisme 20/100:+252.8%
2026-10-05 08:55:33,PUMP/USDT,Dusuk oynaklik,46.56,Dusuk oynaklik:+46.6% | SMA trend 200:+38.2% | Fair Value Gap:+37.3% | MACD:+30.3% | SMA trend 50:+26.9%
2026-10-05 08:55:33,WLD/USDT,Destek/Direnc kirilmasi,66.59,Destek/Direnc kirilmasi:+66.6% | SMA trend 50:+52.6% | Dusuk oynaklik:+51.9% | SMA trend 100:+42.7% | Momentum 90:+41.0%
2026-10-05 08:55:33,ENA/USDT,MA kesisme 50/200,57.58,MA kesisme 50/200:+57.6% | SMA trend 200:+55.7% | MA kesisme 20/100:+43.8% | SMA trend 50:+37.9% | Momentum 90:+37.2%
2026-10-05 08:55:33,GTC/USDT,Destek/Direnc kirilmasi,137.88,Destek/Direnc kirilmasi:+137.9% | MACD:+133.3% | SMA trend 200:+126.7% | Momentum 180:+119.3% | SMA trend 100:+114.4%
2026-10-05 08:55:33,UNI/USDT,Dusuk oynaklik,44.3,Dusuk oynaklik:+44.3% | Donchian 20/10:+34.5% | MA kesisme 20/100:+32.0% | MACD:+31.4% | SMA trend 200:+29.1%
2026-10-05 08:55:33,MUBARAK/USDT,ATR kirilma,132.03,ATR kirilma:+132.0% | Dusuk oynaklik:+126.8% | Momentum 180:+106.9% | Donchian 20/10:+102.3% | MA kesisme 50/200:+101.4%
2026-10-05 08:55:33,AVAX/USDT,Destek/Direnc kirilmasi,36.28,Destek/Direnc kirilmasi:+36.3% | SMA trend 200:+32.1% | Momentum 180:+31.7% | Donchian 55/20:+28.2% | Dusuk oynaklik:+28.0%
2026-10-05 08:55:33,PEPE/USDT,Dusuk oynaklik,26.43,Dusuk oynaklik:+26.4% | Fair Value Gap:+18.7% | Destek/Direnc kirilmasi:+18.3% | SMA trend 200:+15.6% | MACD:+13.3%
2026-10-05 08:55:33,HYPE/USDT,SFP (likidite avi),4.23,SFP (likidite avi):+4.2% | RSI 30/60:+3.8% | SMA trend 200:+3.0% | MA kesisme 50/200:+2.5% | Kirilim-GeriCekilme-Toparlanma:+2.1%
2026-10-05 08:55:33,ACE/USDT,MA kesisme 50/200,15.67,MA kesisme 50/200:+15.7% | Dusuk oynaklik:+13.4% | RSI 30/60:+6.7% | Momentum 90:+2.1% | RSI 20/50:+2.0%
2026-10-05 08:55:33,TAO/USDT,Dusuk oynaklik,39.87,Dusuk oynaklik:+39.9% | Momentum 90:+28.1% | MA kesisme 20/100:+27.0% | Donchian 55/20:+24.1% | MACD:+22.1%
2026-10-05 08:55:33,SAND/USDT,Donchian 20/10,96.33,Donchian 20/10:+96.3% | Destek/Direnc kirilmasi:+92.4% | Momentum 180:+82.3% | SMA trend 100:+79.8% | MA kesisme 20/100:+77.9%
2026-10-05 08:55:33,LTC/USDT,MA kesisme 20/100,37.99,MA kesisme 20/100:+38.0% | SMA trend 100:+32.8% | Momentum 90:+29.5% | SMA trend 50:+26.6% | MA kesisme 50/200:+24.2%
2026-10-05 08:55:33,STRK/USDT,Dusuk oynaklik,114.78,Dusuk oynaklik:+114.8% | Momentum 90:+87.5% | MA kesisme 20/100:+85.5% | MA kesisme 50/200:+75.8% | Destek/Direnc kirilmasi:+72.7%
2026-10-05 08:55:33,AAVE/USDT,MACD,48.73,MACD:+48.7% | Momentum 180:+38.8% | Dusuk oynaklik:+34.9% | Donchian 20/10:+30.9% | ATR kirilma:+30.0%
2026-10-05 08:55:33,ONDO/USDT,Dusuk oynaklik,43.51,Dusuk oynaklik:+43.5% | Momentum 90:+40.6% | SMA trend 100:+33.2% | SMA trend 200:+29.7% | Destek/Direnc kirilmasi:+26.7%
2026-10-05 08:55:33,BEAMX/USDT,Dusuk oynaklik,69.33,Dusuk oynaklik:+69.3% | MACD:+39.4% | Momentum 90:+38.3% | SMA trend 50:+37.8% | SMA trend 100:+37.1%
2026-10-05 08:55:33,TRX/USDT,Hacim-Fiyat Uyumsuzlugu,3.13,Hacim-Fiyat Uyumsuzlugu:+3.1% | Tepe/Dip (rejim uyarlanabilir):+1.7% | Dusuk oynaklik:+1.2% | RSI 30/60:+0.9% | RSI 20/50:+0.6%
2026-10-05 08:55:33,ZRO/USDT,SMA trend 200,75.78,SMA trend 200:+75.8% | Dusuk oynaklik:+73.0% | MA kesisme 50/200:+61.6% | Momentum 180:+50.4% | MA kesisme 20/100:+46.1%
2026-10-05 08:55:33,LINK/USDT,SMA trend 200,25.36,SMA trend 200:+25.4% | Donchian 20/10:+23.5% | Destek/Direnc kirilmasi:+22.4% | Dusuk oynaklik:+21.6% | SMA trend 100:+16.5%
2026-10-05 08:55:33,VIRTUAL/USDT,Dusuk oynaklik,27.14,Dusuk oynaklik:+27.1% | Momentum 180:+18.7% | Bollinger 20/2:+16.9% | MA kesisme 20/100:+16.8% | SMA trend 200:+15.8%
2026-10-05 08:55:33,PENGU/USDT,SMA trend 100,21.34,SMA trend 100:+21.3% | MA kesisme 50/200:+21.0% | Bollinger 20/2:+20.3% | Momentum 90:+14.3% | MA kesisme 20/100:+11.7%
2026-10-05 08:55:33,XAUT/USDT,Tepe/Dip (rejim uyarlanabilir),4.04,Tepe/Dip (rejim uyarlanabilir):+4.0% | Kirilim-GeriCekilme-Toparlanma:+0.0% | RSI 30/60:-0.0% | Order Block:-0.4% | RSI 20/50:-2.5%
2026-10-05 08:55:33,TRUMP/USDT,RSI 30/60,10.43,RSI 30/60:+10.4% | RSI 20/50:+0.0% | Tepe/Dip (rejim uyarlanabilir):+0.0% | Hacim-Fiyat Uyumsuzlugu:+0.0% | Order Block:-2.8%
2026-10-05 08:55:33,XLM/USDT,Dusuk oynaklik,28.02,Dusuk oynaklik:+28.0% | RSI 30/60:+16.3% | Destek/Direnc kirilmasi:+12.8% | Donchian 20/10:+10.5% | Momentum 90:+10.1%
2026-10-05 08:55:33,U/USDT,RSI 20/50,0.0,RSI 20/50:+0.0% | SFP (likidite avi):+0.0% | Dusuk oynaklik:-0.1% | Donchian 55/20:-0.2% | RSI 30/60:-0.2%
2026-10-05 08:55:33,ASTER/USDT,Tepe/Dip (rejim uyarlanabilir),6.32,Tepe/Dip (rejim uyarlanabilir):+6.3% | SMA trend 50:+4.5% | RSI 30/60:+3.7% | Major Trend Surucusu:+2.4% | Donchian 55/20:+1.7%
2026-10-05 08:55:33,ORCA/USDT,Donchian 20/10,58.45,Donchian 20/10:+58.5% | Destek/Direnc kirilmasi:+52.8% | MA kesisme 20/100:+52.4% | Dusuk oynaklik:+51.7% | SMA trend 50:+47.9%
2026-10-05 18:23:48,BTC/USDT,Dusuk oynaklik,6.88,Dusuk oynaklik:+6.9% | MACD:+5.1% | Donchian 20/10:+4.7% | Momentum 180:+4.4% | Destek/Direnc kirilmasi:+4.3%
2026-10-05 18:23:48,ETH/USDT,Tepe/Dip (rejim uyarlanabilir),12.63,Tepe/Dip (rejim uyarlanabilir):+12.6% | Dusuk oynaklik:+9.7% | RSI 30/60:+6.9% | Destek/Direnc kirilmasi:+5.3% | Bollinger 20/2:+4.6%
2026-10-05 18:23:48,SOL/USDT,Dusuk oynaklik,16.79,Dusuk oynaklik:+16.8% | MACD:+14.0% | RSI 30/60:+12.7% | ATR kirilma:+9.5% | Donchian 20/10:+9.4%
2026-10-05 18:23:48,ZEC/USDT,MACD,46.89,MACD:+46.9% | ATR kirilma:+33.3% | Dusuk oynaklik:+27.1% | Destek/Direnc kirilmasi:+26.8% | SMA trend 200:+24.9%
2026-10-05 18:23:48,XRP/USDT,RSI 30/60,14.95,RSI 30/60:+15.0% | ATR kirilma:+12.5% | Dusuk oynaklik:+12.0% | Destek/Direnc kirilmasi:+11.2% | Donchian 20/10:+5.6%
2026-10-05 18:23:48,NEAR/USDT,Dusuk oynaklik,121.6,Dusuk oynaklik:+121.6% | Momentum 180:+84.3% | MACD:+83.3% | SMA trend 200:+78.4% | MA kesisme 50/200:+75.0%
2026-10-05 18:23:48,BNB/USDT,Major Trend Surucusu,8.47,Major Trend Surucusu:+8.5% | Destek/Direnc kirilmasi:+8.4% | Momentum 90:+8.2% | Dusuk oynaklik:+8.2% | RSI 30/60:+5.3%
2026-10-05 18:23:48,ADA/USDT,Dusuk oynaklik,24.15,Dusuk oynaklik:+24.1% | MA kesisme 20/100:+11.9% | Momentum 90:+9.2% | Donchian 20/10:+8.9% | Bollinger 20/2:+8.7%
2026-10-05 18:23:48,SUI/USDT,Momentum 90,50.13,Momentum 90:+50.1% | Dusuk oynaklik:+48.1% | SMA trend 200:+46.4% | Momentum 180:+45.7% | MA kesisme 20/100:+43.4%
2026-10-05 18:23:48,DOGE/USDT,Dusuk oynaklik,9.77,Dusuk oynaklik:+9.8% | RSI 30/60:+9.5% | Momentum 90:+7.9% | SMA trend 200:+6.3% | SFP (likidite avi):+5.7%
2026-10-05 18:23:48,ENA/USDT,MA kesisme 50/200,58.22,MA kesisme 50/200:+58.2% | SMA trend 200:+50.5% | MA kesisme 20/100:+41.4% | SMA trend 50:+38.1% | SMA trend 100:+35.4%
2026-10-05 18:23:48,FET/USDT,Dusuk oynaklik,52.21,Dusuk oynaklik:+52.2% | Destek/Direnc kirilmasi:+51.5% | MACD:+37.4% | SMA trend 100:+36.6% | Momentum 180:+32.6%
2026-10-05 18:23:48,QNT/USDT,MA kesisme 50/200,280.41,MA kesisme 50/200:+280.4% | SMA trend 200:+274.8% | Momentum 180:+268.5% | MA kesisme 20/100:+253.9% | SMA trend 100:+250.6%
2026-10-05 18:23:48,UNI/USDT,Dusuk oynaklik,39.63,Dusuk oynaklik:+39.6% | Donchian 20/10:+32.5% | MA kesisme 20/100:+26.7% | SMA trend 200:+26.5% | Major Trend Surucusu:+23.0%
2026-10-05 18:23:48,HYPE/USDT,SFP (likidite avi),4.23,SFP (likidite avi):+4.2% | SMA trend 200:+4.0% | RSI 30/60:+3.8% | MA kesisme 50/200:+3.4% | MA kesisme 20/100:+3.0%
2026-10-05 18:23:48,WLD/USDT,Destek/Direnc kirilmasi,66.59,Destek/Direnc kirilmasi:+66.6% | SMA trend 50:+51.7% | Dusuk oynaklik:+42.6% | Momentum 180:+35.7% | SMA trend 100:+34.0%
2026-10-05 18:23:48,GTC/USDT,MACD,135.11,MACD:+135.1% | Destek/Direnc kirilmasi:+123.2% | SMA trend 200:+113.3% | Momentum 180:+106.2% | ATR kirilma:+96.4%
2026-10-05 18:23:48,PUMP/USDT,Dusuk oynaklik,42.25,Dusuk oynaklik:+42.2% | Fair Value Gap:+37.3% | SMA trend 200:+34.0% | MACD:+30.3% | SMA trend 50:+24.8%
2026-10-05 18:23:48,PEPE/USDT,Dusuk oynaklik,25.35,Dusuk oynaklik:+25.4% | Fair Value Gap:+18.8% | Destek/Direnc kirilmasi:+15.1% | SMA trend 200:+12.5% | MACD:+10.7%
2026-10-05 18:23:48,AVAX/USDT,Destek/Direnc kirilmasi,36.28,Destek/Direnc kirilmasi:+36.3% | Momentum 180:+28.5% | Donchian 55/20:+28.2% | Donchian 20/10:+27.4% | SMA trend 200:+26.9%
2026-10-05 18:23:48,TAO/USDT,Dusuk oynaklik,32.93,Dusuk oynaklik:+32.9% | Momentum 90:+25.5% | Donchian 55/20:+24.1% | MACD:+23.0% | MA kesisme 20/100:+20.7%
2026-10-05 18:23:48,MOVR/USDT,Destek/Direnc kirilmasi,207.96,Destek/Direnc kirilmasi:+208.0% | ATR kirilma:+170.7% | SMA trend 50:+159.0% | MACD:+150.7% | Donchian 20/10:+129.9%
2026-10-05 18:23:48,ONDO/USDT,Dusuk oynaklik,32.97,Dusuk oynaklik:+33.0% | Momentum 90:+30.0% | Momentum 180:+26.0% | SMA trend 200:+25.7% | SMA trend 100:+23.5%
2026-10-05 18:23:48,AAVE/USDT,MACD,43.59,MACD:+43.6% | Momentum 180:+40.9% | Dusuk oynaklik:+36.9% | ATR kirilma:+30.4% | Momentum 90:+30.0%
2026-10-05 18:23:48,ZRO/USDT,Dusuk oynaklik,88.35,Dusuk oynaklik:+88.3% | SMA trend 200:+86.7% | MA kesisme 50/200:+76.0% | Momentum 180:+59.7% | MA kesisme 20/100:+59.0%
2026-10-05 18:23:48,XAUT/USDT,Kirilim-GeriCekilme-Toparlanma,0.0,Kirilim-GeriCekilme-Toparlanma:+0.0% | RSI 30/60:-0.0% | Order Block:-0.4% | RSI 20/50:-2.5% | MA kesisme 50/200:-2.9%
2026-10-05 18:23:48,SPCXB/USDT,Dusuk oynaklik,13.84,Dusuk oynaklik:+13.8% | RSI 30/60:+6.9% | Momentum 180:+5.1% | MA kesisme 50/200:+4.6% | MACD:+3.9%
2026-10-05 18:23:48,LTC/USDT,MA kesisme 20/100,33.29,MA kesisme 20/100:+33.3% | SMA trend 100:+28.3% | Momentum 90:+25.1% | SMA trend 50:+22.9% | MA kesisme 50/200:+19.9%
2026-10-05 18:23:48,XLM/USDT,Dusuk oynaklik,20.32,Dusuk oynaklik:+20.3% | RSI 30/60:+16.0% | Destek/Direnc kirilmasi:+11.7% | Donchian 20/10:+9.3% | SFP (likidite avi):+8.8%
2026-10-05 18:23:48,TRX/USDT,Hacim-Fiyat Uyumsuzlugu,2.84,Hacim-Fiyat Uyumsuzlugu:+2.8% | Tepe/Dip (rejim uyarlanabilir):+1.3% | Dusuk oynaklik:+1.3% | RSI 30/60:+0.9% | RSI 20/50:+0.6%
2026-10-05 18:23:48,LINK/USDT,SMA trend 200,24.64,SMA trend 200:+24.6% | Donchian 20/10:+23.5% | Destek/Direnc kirilmasi:+18.6% | Dusuk oynaklik:+17.8% | Momentum 90:+15.6%
2026-10-05 18:23:48,MUBARAK/USDT,Dusuk oynaklik,129.48,Dusuk oynaklik:+129.5% | Momentum 180:+109.4% | ATR kirilma:+104.9% | MA kesisme 50/200:+103.9% | Donchian 20/10:+102.3%
2026-10-05 18:23:48,PENGU/USDT,MA kesisme 50/200,21.0,MA kesisme 50/200:+21.0% | Bollinger 20/2:+17.3% | SMA trend 100:+16.2% | Momentum 180:+10.6% | Momentum 90:+9.5%
2026-10-05 18:23:48,U/USDT,RSI 20/50,0.0,RSI 20/50:+0.0% | SFP (likidite avi):+0.0% | Dusuk oynaklik:-0.1% | Donchian 55/20:-0.2% | RSI 30/60:-0.2%
2026-10-05 18:23:48,RLC/USDT,MA kesisme 50/200,104.34,MA kesisme 50/200:+104.3% | SMA trend 50:+92.8% | Destek/Direnc kirilmasi:+92.5% | SMA trend 200:+92.4% | MA kesisme 20/100:+85.8%
2026-10-05 18:23:48,ACE/USDT,MA kesisme 50/200,16.67,MA kesisme 50/200:+16.7% | Dusuk oynaklik:+15.2% | RSI 30/60:+8.0% | Momentum 90:+3.7% | RSI 20/50:+3.2%
2026-10-05 18:23:48,SAND/USDT,Donchian 20/10,96.33,Donchian 20/10:+96.3% | Destek/Direnc kirilmasi:+92.4% | Donchian 55/20:+73.0% | Momentum 180:+69.3% | MA kesisme 20/100:+63.3%
2026-10-05 18:23:48,HBAR/USDT,Dusuk oynaklik,35.94,Dusuk oynaklik:+35.9% | Donchian 20/10:+33.7% | Donchian 55/20:+32.3% | Destek/Direnc kirilmasi:+25.8% | Momentum 180:+25.0%
2026-10-05 18:23:48,NIL/USDT,MA kesisme 20/100,208.32,MA kesisme 20/100:+208.3% | SMA trend 100:+193.1% | Donchian 55/20:+164.1% | SMA trend 50:+153.5% | Momentum 90:+149.5%
2026-10-05 18:23:48,STRK/USDT,Dusuk oynaklik,81.44,Dusuk oynaklik:+81.4% | MA kesisme 20/100:+69.0% | Momentum 90:+67.4% | Destek/Direnc kirilmasi:+60.6% | Donchian 20/10:+53.2%
2026-10-06 00:48:15,BTC/USDT,Dusuk oynaklik,7.22,Dusuk oynaklik:+7.2% | MACD:+5.0% | Momentum 180:+4.7% | Donchian 20/10:+4.7% | Destek/Direnc kirilmasi:+4.3%
2026-10-06 00:48:15,ETH/USDT,Tepe/Dip (rejim uyarlanabilir),12.63,Tepe/Dip (rejim uyarlanabilir):+12.6% | Dusuk oynaklik:+9.6% | RSI 30/60:+6.9% | Destek/Direnc kirilmasi:+5.5% | Bollinger 20/2:+4.6%
2026-10-06 00:48:15,ZEC/USDT,ATR kirilma,39.18,ATR kirilma:+39.2% | MACD:+31.7% | Dusuk oynaklik:+30.7% | Destek/Direnc kirilmasi:+29.9% | SMA trend 200:+26.7%
2026-10-06 00:48:15,SOL/USDT,Dusuk oynaklik,16.78,Dusuk oynaklik:+16.8% | RSI 30/60:+12.7% | MACD:+12.6% | ATR kirilma:+9.5% | Donchian 20/10:+9.4%
2026-10-06 00:48:15,NEAR/USDT,Dusuk oynaklik,129.9,Dusuk oynaklik:+129.9% | MACD:+87.4% | Momentum 180:+86.9% | SMA trend 200:+84.9% | SMA trend 100:+79.9%
2026-10-06 00:48:15,XRP/USDT,RSI 30/60,14.95,RSI 30/60:+15.0% | Dusuk oynaklik:+12.1% | ATR kirilma:+11.9% | Destek/Direnc kirilmasi:+10.9% | Donchian 20/10:+5.6%
2026-10-06 00:48:15,BNB/USDT,Major Trend Surucusu,7.19,Major Trend Surucusu:+7.2% | RSI 30/60:+5.3% | Destek/Direnc kirilmasi:+5.1% | Momentum 90:+4.9% | Dusuk oynaklik:+4.8%
2026-10-06 00:48:15,SUI/USDT,Momentum 90,49.5,Momentum 90:+49.5% | Dusuk oynaklik:+47.4% | SMA trend 200:+45.8% | Momentum 180:+43.4% | MA kesisme 20/100:+42.8%
2026-10-06 00:48:15,ADA/USDT,Dusuk oynaklik,25.14,Dusuk oynaklik:+25.1% | MA kesisme 20/100:+12.8% | Momentum 90:+10.1% | Donchian 20/10:+8.9% | Bollinger 20/2:+8.7%
2026-10-06 00:48:15,ENA/USDT,MA kesisme 50/200,58.04,MA kesisme 50/200:+58.0% | SMA trend 200:+48.3% | MA kesisme 20/100:+40.8% | SMA trend 50:+40.0% | SMA trend 100:+34.7%
2026-10-06 00:48:15,DOGE/USDT,RSI 30/60,9.46,RSI 30/60:+9.5% | Dusuk oynaklik:+8.8% | Momentum 90:+7.1% | SFP (likidite avi):+5.7% | SMA trend 200:+5.2%
2026-10-06 00:48:15,QNT/USDT,MA kesisme 50/200,284.01,MA kesisme 50/200:+284.0% | Momentum 180:+278.3% | SMA trend 200:+276.6% | MA kesisme 20/100:+263.3% | SMA trend 100:+258.4%
2026-10-06 00:48:15,UNI/USDT,Dusuk oynaklik,40.2,Dusuk oynaklik:+40.2% | Donchian 20/10:+32.5% | MA kesisme 20/100:+25.6% | SMA trend 200:+25.0% | Major Trend Surucusu:+23.0%
2026-10-06 00:48:15,HYPE/USDT,SMA trend 200,4.37,SMA trend 200:+4.4% | SFP (likidite avi):+4.2% | MA kesisme 50/200:+3.8% | RSI 30/60:+3.8% | MA kesisme 20/100:+3.3%
2026-10-06 00:48:15,FET/USDT,Dusuk oynaklik,51.0,Dusuk oynaklik:+51.0% | Destek/Direnc kirilmasi:+48.0% | MACD:+40.4% | SMA trend 100:+35.6% | Momentum 180:+31.6%
2026-10-06 00:48:15,WLD/USDT,Destek/Direnc kirilmasi,64.55,Destek/Direnc kirilmasi:+64.5% | SMA trend 50:+47.2% | Dusuk oynaklik:+42.0% | Momentum 180:+37.7% | Momentum 90:+32.0%
2026-10-06 00:48:15,TAO/USDT,Dusuk oynaklik,31.66,Dusuk oynaklik:+31.7% | Donchian 55/20:+24.2% | Momentum 90:+22.1% | MACD:+21.9% | MA kesisme 50/200:+20.4%
2026-10-06 00:48:15,AVAX/USDT,Destek/Direnc kirilmasi,34.5,Destek/Direnc kirilmasi:+34.5% | Momentum 180:+29.6% | Donchian 55/20:+28.2% | Donchian 20/10:+27.4% | SMA trend 200:+26.7%
2026-10-06 00:48:15,RLC/USDT,MA kesisme 50/200,119.31,MA kesisme 50/200:+119.3% | SMA trend 50:+106.9% | Destek/Direnc kirilmasi:+106.6% | SMA trend 200:+106.5% | MACD:+99.6%
2026-10-06 00:48:15,MOVR/USDT,Destek/Direnc kirilmasi,204.46,Destek/Direnc kirilmasi:+204.5% | SMA trend 50:+160.7% | ATR kirilma:+159.4% | MACD:+144.6% | Donchian 20/10:+126.5%
2026-10-06 00:48:15,GTC/USDT,MACD,131.03,MACD:+131.0% | Destek/Direnc kirilmasi:+112.2% | SMA trend 200:+104.2% | ATR kirilma:+98.1% | Momentum 180:+96.9%
2026-10-06 00:48:15,AAVE/USDT,MACD,45.37,MACD:+45.4% | Momentum 180:+41.6% | Dusuk oynaklik:+37.6% | Momentum 90:+30.8% | Donchian 20/10:+30.3%
2026-10-06 00:48:15,PUMP/USDT,Dusuk oynaklik,48.62,Dusuk oynaklik:+48.6% | SMA trend 200:+37.6% | Fair Value Gap:+37.5% | MACD:+32.1% | SMA trend 50:+23.9%
2026-10-06 00:48:15,PEPE/USDT,Dusuk oynaklik,23.23,Dusuk oynaklik:+23.2% | Fair Value Gap:+17.4% | Destek/Direnc kirilmasi:+15.3% | SMA trend 200:+12.7% | MACD:+10.2%
2026-10-06 00:48:15,SPCXB/USDT,Dusuk oynaklik,15.84,Dusuk oynaklik:+15.8% | Momentum 180:+6.9% | RSI 30/60:+6.9% | MA kesisme 50/200:+6.4% | MACD:+5.5%
2026-10-06 00:48:15,ONDO/USDT,Dusuk oynaklik,35.3,Dusuk oynaklik:+35.3% | Momentum 90:+29.7% | Momentum 180:+25.7% | SMA trend 200:+25.4% | SMA trend 100:+23.9%
2026-10-06 00:48:15,ZRO/USDT,SMA trend 200,98.16,SMA trend 200:+98.2% | Dusuk oynaklik:+95.8% | MA kesisme 50/200:+83.1% | Momentum 180:+69.5% | MA kesisme 20/100:+64.8%
2026-10-06 00:48:15,LINK/USDT,Donchian 20/10,23.49,Donchian 20/10:+23.5% | SMA trend 200:+23.3% | ATR kirilma:+18.7% | Destek/Direnc kirilmasi:+18.6% | Dusuk oynaklik:+16.4%
2026-10-06 00:48:15,LTC/USDT,MA kesisme 20/100,30.99,MA kesisme 20/100:+31.0% | SMA trend 100:+26.1% | Momentum 90:+22.9% | SMA trend 50:+20.7% | MA kesisme 50/200:+17.9%
2026-10-06 00:48:15,XLM/USDT,Dusuk oynaklik,20.23,Dusuk oynaklik:+20.2% | RSI 30/60:+18.0% | Destek/Direnc kirilmasi:+9.7% | Donchian 20/10:+9.3% | SFP (likidite avi):+8.8%
2026-10-06 00:48:15,TRX/USDT,Hacim-Fiyat Uyumsuzlugu,2.75,Hacim-Fiyat Uyumsuzlugu:+2.7% | Tepe/Dip (rejim uyarlanabilir):+1.5% | Dusuk oynaklik:+1.0% | RSI 30/60:+0.9% | RSI 20/50:+0.6%
2026-10-06 00:48:15,FIL/USDT,Dusuk oynaklik,60.84,Dusuk oynaklik:+60.8% | Destek/Direnc kirilmasi:+52.2% | ATR kirilma:+50.8% | Momentum 180:+32.8% | SMA trend 100:+29.1%
2026-10-06 00:48:15,MUBARAK/USDT,ATR kirilma,119.06,ATR kirilma:+119.1% | Dusuk oynaklik:+117.6% | Donchian 20/10:+106.1% | Momentum 180:+98.7% | MA kesisme 50/200:+93.5%
2026-10-06 00:48:15,PENGU/USDT,MA kesisme 50/200,21.0,MA kesisme 50/200:+21.0% | Bollinger 20/2:+17.3% | SMA trend 100:+16.6% | Momentum 90:+11.1% | Momentum 180:+9.6%
2026-10-06 00:48:15,ACE/USDT,MA kesisme 50/200,17.83,MA kesisme 50/200:+17.8% | Dusuk oynaklik:+15.5% | RSI 30/60:+12.1% | Momentum 90:+4.6% | MACD:+3.3%
2026-10-06 00:48:15,ARB/USDT,Dusuk oynaklik,69.94,Dusuk oynaklik:+69.9% | MA kesisme 20/100:+58.4% | SMA trend 200:+40.8% | MA kesisme 50/200:+28.2% | Momentum 90:+27.6%
2026-10-06 00:48:15,U/USDT,RSI 20/50,0.0,RSI 20/50:+0.0% | SFP (likidite avi):+0.0% | Dusuk oynaklik:-0.1% | Donchian 55/20:-0.2% | Fair Value Gap:-0.2%
2026-10-06 00:48:15,NIL/USDT,MA kesisme 20/100,182.24,MA kesisme 20/100:+182.2% | SMA trend 100:+167.8% | Donchian 55/20:+141.3% | Momentum 90:+138.0% | SMA trend 50:+131.6%
2026-10-06 00:48:15,SAND/USDT,Donchian 20/10,96.85,Donchian 20/10:+96.8% | Destek/Direnc kirilmasi:+91.8% | Momentum 180:+74.9% | Donchian 55/20:+73.0% | MA kesisme 20/100:+68.4%
2026-10-06 00:48:15,ICP/USDT,Dusuk oynaklik,34.11,Dusuk oynaklik:+34.1% | MA kesisme 50/200:+30.3% | Fair Value Gap:+25.8% | Destek/Direnc kirilmasi:+23.3% | Donchian 20/10:+20.5%
2026-10-06 07:32:20,BTC/USDT,Dusuk oynaklik,6.15,Dusuk oynaklik:+6.2% | MACD:+5.3% | Donchian 20/10:+4.7% | Destek/Direnc kirilmasi:+4.0% | RSI 30/60:+3.8%
2026-10-06 07:32:20,ETH/USDT,Tepe/Dip (rejim uyarlanabilir),12.63,Tepe/Dip (rejim uyarlanabilir):+12.6% | Dusuk oynaklik:+8.6% | RSI 30/60:+6.9% | Destek/Direnc kirilmasi:+5.0% | Bollinger 20/2:+4.6%
2026-10-06 07:32:20,ZEC/USDT,Destek/Direnc kirilmasi,29.86,Destek/Direnc kirilmasi:+29.9% | Dusuk oynaklik:+26.3% | MACD:+25.7% | SMA trend 200:+23.7% | MA kesisme 50/200:+23.7%
2026-10-06 07:32:20,SOL/USDT,Dusuk oynaklik,14.97,Dusuk oynaklik:+15.0% | RSI 30/60:+12.7% | MACD:+12.0% | Donchian 20/10:+9.3% | MA kesisme 50/200:+7.7%
2026-10-06 07:32:20,NEAR/USDT,Dusuk oynaklik,127.23,Dusuk oynaklik:+127.2% | Momentum 180:+84.8% | SMA trend 200:+82.8% | SMA trend 100:+77.9% | MACD:+73.5%
2026-10-06 07:32:20,XRP/USDT,RSI 30/60,14.95,RSI 30/60:+15.0% | ATR kirilma:+11.8% | Dusuk oynaklik:+10.8% | Destek/Direnc kirilmasi:+10.3% | Donchian 20/10:+5.6%
2026-10-06 07:32:20,SUI/USDT,Momentum 90,44.21,Momentum 90:+44.2% | Dusuk oynaklik:+42.2% | SMA trend 200:+40.6% | Momentum 180:+38.4% | MA kesisme 20/100:+37.8%
2026-10-06 07:32:20,BNB/USDT,RSI 30/60,5.31,RSI 30/60:+5.3% | Major Trend Surucusu:+3.8% | Order Block:+3.2% | ATR kirilma:+2.6% | RSI 20/50:+2.2%
2026-10-06 07:32:20,ENA/USDT,MA kesisme 50/200,57.95,MA kesisme 50/200:+57.9% | SMA trend 200:+48.2% | SMA trend 50:+38.6% | MA kesisme 20/100:+36.9% | Momentum 90:+33.6%
2026-10-06 07:32:20,ADA/USDT,Dusuk oynaklik,22.53,Dusuk oynaklik:+22.5% | MA kesisme 20/100:+10.5% | Bollinger 20/2:+8.7% | Donchian 20/10:+8.2% | RSI 30/60:+7.9%
2026-10-06 07:32:20,RLC/USDT,MA kesisme 50/200,177.98,MA kesisme 50/200:+178.0% | Destek/Direnc kirilmasi:+170.2% | SMA trend 50:+162.2% | SMA trend 200:+161.8% | Donchian 55/20:+157.5%
2026-10-06 07:32:20,UNI/USDT,Dusuk oynaklik,29.88,Dusuk oynaklik:+29.9% | Donchian 20/10:+26.1% | Major Trend Surucusu:+23.0% | MA kesisme 20/100:+19.6% | Bollinger 20/2:+18.1%
2026-10-06 07:32:20,QNT/USDT,MA kesisme 50/200,282.65,MA kesisme 50/200:+282.7% | Momentum 180:+270.2% | SMA trend 200:+266.8% | MA kesisme 20/100:+256.8% | SMA trend 100:+252.0%
2026-10-06 07:32:20,HYPE/USDT,SFP (likidite avi),4.23,SFP (likidite avi):+4.2% | RSI 30/60:+3.8% | SMA trend 200:+3.4% | MA kesisme 50/200:+2.9% | MA kesisme 20/100:+2.4%
2026-10-06 07:32:20,AVAX/USDT,Destek/Direnc kirilmasi,35.21,Destek/Direnc kirilmasi:+35.2% | Momentum 180:+30.4% | Donchian 55/20:+29.3% | Donchian 20/10:+28.7% | SMA trend 200:+27.5%
2026-10-06 07:32:20,DOGE/USDT,RSI 30/60,9.46,RSI 30/60:+9.5% | SFP (likidite avi):+5.7% | Dusuk oynaklik:+5.4% | Momentum 90:+4.8% | Donchian 20/10:+2.6%
2026-10-06 07:32:20,FET/USDT,Destek/Direnc kirilmasi,47.72,Destek/Direnc kirilmasi:+47.7% | Dusuk oynaklik:+47.3% | MACD:+36.4% | SMA trend 100:+32.3% | Momentum 180:+28.4%
2026-10-06 07:32:20,TAO/USDT,Dusuk oynaklik,29.86,Dusuk oynaklik:+29.9% | Momentum 90:+22.3% | MACD:+21.2% | Donchian 55/20:+21.2% | MA kesisme 50/200:+20.4%
2026-10-06 07:32:20,MOVR/USDT,Destek/Direnc kirilmasi,208.66,Destek/Direnc kirilmasi:+208.7% | ATR kirilma:+162.4% | MACD:+146.2% | SMA trend 50:+144.3% | Donchian 20/10:+126.5%
2026-10-06 07:32:20,WLD/USDT,Destek/Direnc kirilmasi,64.43,Destek/Direnc kirilmasi:+64.4% | SMA trend 50:+47.1% | Dusuk oynaklik:+38.5% | Momentum 180:+34.2% | ATR kirilma:+31.0%
2026-10-06 07:32:20,SPCXB/USDT,Dusuk oynaklik,16.25,Dusuk oynaklik:+16.3% | Momentum 180:+7.3% | RSI 30/60:+6.9% | MA kesisme 50/200:+6.8% | MACD:+5.8%
2026-10-06 07:32:20,AAVE/USDT,MACD,44.21,MACD:+44.2% | Momentum 180:+38.5% | Dusuk oynaklik:+34.6% | Donchian 20/10:+28.9% | Momentum 90:+28.5%
2026-10-06 07:32:20,FIL/USDT,Dusuk oynaklik,60.02,Dusuk oynaklik:+60.0% | Destek/Direnc kirilmasi:+54.9% | ATR kirilma:+49.0% | Momentum 180:+32.1% | MACD:+29.5%
2026-10-06 07:32:20,XAUT/USDT,Kirilim-GeriCekilme-Toparlanma,0.0,Kirilim-GeriCekilme-Toparlanma:+0.0% | RSI 30/60:-0.0% | Order Block:-0.4% | RSI 20/50:-2.5% | MA kesisme 50/200:-3.0%
2026-10-06 07:32:20,PUMP/USDT,Dusuk oynaklik,48.11,Dusuk oynaklik:+48.1% | Fair Value Gap:+34.5% | SMA trend 200:+33.5% | MACD:+29.9% | SMA trend 50:+20.4%
2026-10-06 07:32:20,TRX/USDT,Hacim-Fiyat Uyumsuzlugu,2.08,Hacim-Fiyat Uyumsuzlugu:+2.1% | Tepe/Dip (rejim uyarlanabilir):+1.4% | RSI 30/60:+0.9% | RSI 20/50:+0.6% | Dusuk oynaklik:+0.5%
2026-10-06 07:32:20,PEPE/USDT,Dusuk oynaklik,19.8,Dusuk oynaklik:+19.8% | Fair Value Gap:+15.8% | Destek/Direnc kirilmasi:+13.2% | SMA trend 200:+10.7% | MACD:+10.4%
2026-10-06 07:32:20,ZRO/USDT,SMA trend 200,92.81,SMA trend 200:+92.8% | Dusuk oynaklik:+89.7% | MA kesisme 50/200:+77.4% | Momentum 180:+65.0% | SMA trend 100:+61.0%
2026-10-06 07:32:20,LINK/USDT,Donchian 20/10,21.82,Donchian 20/10:+21.8% | SMA trend 200:+21.7% | Destek/Direnc kirilmasi:+17.0% | Dusuk oynaklik:+14.7% | SFP (likidite avi):+12.9%
2026-10-06 07:32:20,ONDO/USDT,Dusuk oynaklik,32.16,Dusuk oynaklik:+32.2% | Momentum 90:+29.5% | Momentum 180:+25.5% | SMA trend 200:+25.2% | SMA trend 100:+21.9%
2026-10-06 07:32:20,GTC/USDT,MACD,133.57,MACD:+133.6% | Destek/Direnc kirilmasi:+107.8% | ATR kirilma:+98.1% | SMA trend 200:+94.2% | Order Block:+89.9%
2026-10-06 07:32:20,LTC/USDT,MA kesisme 20/100,26.84,MA kesisme 20/100:+26.8% | SMA trend 100:+22.5% | Momentum 90:+19.5% | SMA trend 50:+17.8% | MA kesisme 50/200:+14.1%
2026-10-06 07:32:20,U/USDT,RSI 20/50,0.0,RSI 20/50:+0.0% | SFP (likidite avi):+0.0% | Dusuk oynaklik:-0.1% | Donchian 55/20:-0.2% | Fair Value Gap:-0.2%
2026-10-06 07:32:20,ARB/USDT,Dusuk oynaklik,63.23,Dusuk oynaklik:+63.2% | MA kesisme 20/100:+54.3% | SMA trend 200:+38.0% | MA kesisme 50/200:+27.5% | Bollinger 20/2:+26.5%
2026-10-06 07:32:20,XLM/USDT,Dusuk oynaklik,19.25,Dusuk oynaklik:+19.2% | RSI 30/60:+17.6% | Destek/Direnc kirilmasi:+9.2% | Donchian 20/10:+9.0% | SFP (likidite avi):+8.8%
2026-10-06 07:32:20,ORCA/USDT,Donchian 20/10,92.61,Donchian 20/10:+92.6% | Destek/Direnc kirilmasi:+85.8% | MA kesisme 20/100:+82.3% | SMA trend 50:+81.6% | SMA trend 200:+80.1%
2026-10-06 07:32:20,PENGU/USDT,MA kesisme 50/200,21.0,MA kesisme 50/200:+21.0% | Bollinger 20/2:+17.3% | SMA trend 100:+13.8% | Momentum 90:+11.6% | Momentum 180:+8.3%
2026-10-06 07:32:20,MUBARAK/USDT,ATR kirilma,119.06,ATR kirilma:+119.1% | Dusuk oynaklik:+85.9% | Donchian 20/10:+81.9% | Momentum 180:+70.2% | MA kesisme 50/200:+65.6%
2026-10-06 07:32:20,RAD/USDT,Destek/Direnc kirilmasi,77.49,Destek/Direnc kirilmasi:+77.5% | MA kesisme 50/200:+68.9% | SMA trend 200:+61.2% | SMA trend 50:+56.4% | MA kesisme 20/100:+54.6%
2026-10-06 07:32:20,SAND/USDT,Donchian 20/10,96.33,Donchian 20/10:+96.3% | Destek/Direnc kirilmasi:+91.3% | Donchian 55/20:+73.0% | Momentum 180:+64.7% | MA kesisme 20/100:+61.2%
2026-10-06 15:05:22,BTC/USDT,Dusuk oynaklik,7.9,Dusuk oynaklik:+7.9% | MACD:+6.1% | Donchian 20/10:+5.5% | Momentum 180:+5.4% | Destek/Direnc kirilmasi:+4.6%
2026-10-06 15:05:22,ETH/USDT,Tepe/Dip (rejim uyarlanabilir),12.63,Tepe/Dip (rejim uyarlanabilir):+12.6% | Dusuk oynaklik:+8.7% | RSI 30/60:+6.9% | Destek/Direnc kirilmasi:+5.2% | Bollinger 20/2:+4.6%
2026-10-06 15:05:22,ZEC/USDT,Dusuk oynaklik,31.75,Dusuk oynaklik:+31.7% | Destek/Direnc kirilmasi:+30.8% | MACD:+24.6% | MA kesisme 50/200:+24.3% | SMA trend 200:+23.9%
2026-10-06 15:05:22,SOL/USDT,Dusuk oynaklik,16.86,Dusuk oynaklik:+16.9% | MACD:+13.8% | RSI 30/60:+12.7% | MA kesisme 50/200:+9.5% | Destek/Direnc kirilmasi:+7.4%
2026-10-06 15:05:22,NEAR/USDT,Dusuk oynaklik,129.31,Dusuk oynaklik:+129.3% | Momentum 180:+86.5% | SMA trend 200:+84.4% | SMA trend 100:+79.5% | MA kesisme 20/100:+73.9%
2026-10-06 15:05:22,XRP/USDT,RSI 30/60,14.95,RSI 30/60:+15.0% | ATR kirilma:+13.2% | Dusuk oynaklik:+12.6% | Destek/Direnc kirilmasi:+11.0% | Donchian 20/10:+6.9%
2026-10-06 15:05:22,SUI/USDT,Momentum 90,43.75,Momentum 90:+43.8% | Dusuk oynaklik:+43.5% | SMA trend 200:+41.9% | Momentum 180:+39.7% | MA kesisme 20/100:+39.1%
2026-10-06 15:05:22,BNB/USDT,RSI 30/60,5.31,RSI 30/60:+5.3% | Major Trend Surucusu:+4.6% | Destek/Direnc kirilmasi:+4.1% | Order Block:+3.2% | Dusuk oynaklik:+2.3%
2026-10-06 15:05:22,ADA/USDT,Dusuk oynaklik,24.22,Dusuk oynaklik:+24.2% | MA kesisme 20/100:+12.0% | Momentum 90:+9.3% | Bollinger 20/2:+8.7% | RSI 30/60:+7.9%
2026-10-06 15:05:22,RLC/USDT,MA kesisme 50/200,168.49,MA kesisme 50/200:+168.5% | Destek/Direnc kirilmasi:+160.8% | SMA trend 50:+153.2% | SMA trend 200:+152.8% | Donchian 55/20:+148.5%
2026-10-06 15:05:22,AVAX/USDT,Destek/Direnc kirilmasi,37.69,Destek/Direnc kirilmasi:+37.7% | Momentum 180:+32.8% | Donchian 55/20:+31.4% | SMA trend 200:+29.9% | Donchian 20/10:+29.9%
2026-10-06 15:05:22,UNI/USDT,Dusuk oynaklik,20.26,Dusuk oynaklik:+20.3% | Bollinger 20/2:+18.1% | Donchian 20/10:+16.6% | Major Trend Surucusu:+13.8% | MACD:+11.3%
2026-10-06 15:05:22,HYPE/USDT,SFP (likidite avi),4.23,SFP (likidite avi):+4.2% | RSI 30/60:+3.8% | SMA trend 200:+3.2% | MA kesisme 50/200:+2.6% | MA kesisme 20/100:+2.2%
2026-10-06 15:05:22,QNT/USDT,MA kesisme 50/200,276.15,MA kesisme 50/200:+276.2% | Momentum 180:+268.2% | MA kesisme 20/100:+260.9% | SMA trend 200:+260.6% | SMA trend 100:+245.1%
2026-10-06 15:05:22,ENA/USDT,MA kesisme 50/200,43.08,MA kesisme 50/200:+43.1% | SMA trend 200:+34.3% | Donchian 55/20:+28.2% | SMA trend 50:+26.8% | MA kesisme 20/100:+23.1%
2026-10-06 15:05:22,DOGE/USDT,RSI 30/60,9.46,RSI 30/60:+9.5% | SFP (likidite avi):+5.7% | Dusuk oynaklik:+4.9% | Major Trend Surucusu:+4.5% | Momentum 90:+3.2%
2026-10-06 15:05:22,SPCXB/USDT,Dusuk oynaklik,15.91,Dusuk oynaklik:+15.9% | Momentum 180:+7.6% | MA kesisme 50/200:+7.1% | RSI 30/60:+6.9% | MACD:+5.4%
2026-10-06 15:05:22,XAUT/USDT,Kirilim-GeriCekilme-Toparlanma,0.0,Kirilim-GeriCekilme-Toparlanma:+0.0% | RSI 30/60:-0.0% | Order Block:-0.4% | RSI 20/50:-2.7% | MA kesisme 50/200:-2.9%
2026-10-06 15:05:22,TAO/USDT,Dusuk oynaklik,30.65,Dusuk oynaklik:+30.7% | Momentum 90:+22.3% | Donchian 55/20:+21.2% | MA kesisme 50/200:+20.4% | MA kesisme 20/100:+18.7%
2026-10-06 15:05:22,ORCA/USDT,Donchian 20/10,104.9,Donchian 20/10:+104.9% | Destek/Direnc kirilmasi:+94.3% | MA kesisme 20/100:+92.4% | SMA trend 50:+91.7% | Donchian 55/20:+90.2%
2026-10-06 15:05:22,FIL/USDT,Dusuk oynaklik,53.42,Dusuk oynaklik:+53.4% | Destek/Direnc kirilmasi:+48.6% | ATR kirilma:+46.5% | MACD:+27.0% | Momentum 180:+26.7%
2026-10-06 15:05:22,PUMP/USDT,Dusuk oynaklik,57.0,Dusuk oynaklik:+57.0% | SMA trend 200:+36.0% | MACD:+35.2% | Fair Value Gap:+34.5% | SMA trend 100:+21.9%
2026-10-06 15:05:22,WLD/USDT,Destek/Direnc kirilmasi,57.56,Destek/Direnc kirilmasi:+57.6% | SMA trend 50:+46.9% | Dusuk oynaklik:+39.7% | Momentum 180:+35.4% | ATR kirilma:+31.1%
2026-10-06 15:05:22,AAVE/USDT,MACD,36.15,MACD:+36.1% | Momentum 180:+33.3% | Dusuk oynaklik:+29.5% | ATR kirilma:+25.6% | Donchian 20/10:+22.1%
2026-10-06 15:05:22,ZRO/USDT,SMA trend 200,106.05,SMA trend 200:+106.0% | Dusuk oynaklik:+96.5% | MA kesisme 50/200:+83.8% | Momentum 180:+79.6% | SMA trend 100:+70.9%
2026-10-06 15:05:22,TRX/USDT,Tepe/Dip (rejim uyarlanabilir),1.63,Tepe/Dip (rejim uyarlanabilir):+1.6% | RSI 30/60:+0.9% | RSI 20/50:+0.6% | Bollinger 20/2:+0.4% | Dusuk oynaklik:+0.3%
2026-10-06 15:05:22,NMR/USDT,Momentum 90,68.62,Momentum 90:+68.6% | MA kesisme 20/100:+67.2% | MA kesisme 50/200:+65.4% | Destek/Direnc kirilmasi:+62.7% | Dusuk oynaklik:+60.1%
2026-10-06 15:05:22,API3/USDT,Dusuk oynaklik,33.95,Dusuk oynaklik:+34.0% | SMA trend 100:+27.8% | Momentum 180:+25.4% | Destek/Direnc kirilmasi:+21.9% | MA kesisme 20/100:+20.5%
2026-10-06 15:05:22,FET/USDT,Destek/Direnc kirilmasi,49.54,Destek/Direnc kirilmasi:+49.5% | Dusuk oynaklik:+47.5% | MACD:+36.9% | SMA trend 100:+32.5% | Momentum 180:+28.6%
2026-10-06 15:05:22,U/USDT,RSI 20/50,0.0,RSI 20/50:+0.0% | SFP (likidite avi):+0.0% | Dusuk oynaklik:-0.1% | Donchian 55/20:-0.2% | Fair Value Gap:-0.2%
2026-10-06 15:05:22,RAD/USDT,Destek/Direnc kirilmasi,45.82,Destek/Direnc kirilmasi:+45.8% | MA kesisme 50/200:+38.7% | Dusuk oynaklik:+33.4% | SMA trend 200:+32.5% | SMA trend 50:+28.5%
2026-10-06 15:05:22,LINK/USDT,SMA trend 200,19.97,SMA trend 200:+20.0% | MACD:+19.1% | Donchian 20/10:+18.2% | Destek/Direnc kirilmasi:+16.1% | Dusuk oynaklik:+15.0%
2026-10-06 15:05:22,PEPE/USDT,Dusuk oynaklik,20.09,Dusuk oynaklik:+20.1% | Destek/Direnc kirilmasi:+15.0% | Fair Value Gap:+14.8% | MACD:+10.7% | SMA trend 200:+10.1%
2026-10-06 15:05:22,ONDO/USDT,Dusuk oynaklik,34.36,Dusuk oynaklik:+34.4% | Momentum 90:+29.0% | Momentum 180:+23.9% | SMA trend 200:+23.7% | SMA trend 100:+21.8%
2026-10-06 15:05:22,LTC/USDT,MA kesisme 20/100,26.62,MA kesisme 20/100:+26.6% | SMA trend 100:+21.5% | Momentum 90:+19.7% | SMA trend 50:+16.6% | MA kesisme 50/200:+15.0%
2026-10-06 15:05:22,MARSCOIN/USDT,Dusuk oynaklik,14.0,Dusuk oynaklik:+14.0% | ATR kirilma:+5.7% | SMA trend 50:+1.0% | RSI 20/50:+0.0% | Tepe/Dip (rejim uyarlanabilir):+0.0%
2026-10-06 15:05:22,XLM/USDT,Dusuk oynaklik,19.95,Dusuk oynaklik:+20.0% | RSI 30/60:+18.5% | Destek/Direnc kirilmasi:+8.9% | SFP (likidite avi):+8.8% | Donchian 20/10:+7.5%
2026-10-06 15:05:22,ARB/USDT,Bollinger 20/2,26.53,Bollinger 20/2:+26.5% | Dusuk oynaklik:+16.1% | MA kesisme 20/100:+10.6% | RSI 20/50:+0.0% | Tepe/Dip (rejim uyarlanabilir):+0.0%
2026-10-06 15:05:22,MUBARAK/USDT,Dusuk oynaklik,113.52,Dusuk oynaklik:+113.5% | ATR kirilma:+113.1% | Donchian 20/10:+100.9% | Momentum 180:+95.1% | MA kesisme 50/200:+89.9%
2026-10-06 15:05:22,APT/USDT,Donchian 55/20,28.85,Donchian 55/20:+28.9% | Dusuk oynaklik:+27.9% | MA kesisme 20/100:+27.4% | SMA trend 200:+20.0% | Momentum 90:+17.6%
2026-10-06 20:16:12,BTC/USDT,Dusuk oynaklik,6.58,Dusuk oynaklik:+6.6% | MACD:+4.5% | Donchian 20/10:+4.3% | Momentum 180:+4.1% | Destek/Direnc kirilmasi:+4.1%
2026-10-06 20:16:12,ETH/USDT,Tepe/Dip (rejim uyarlanabilir),12.63,Tepe/Dip (rejim uyarlanabilir):+12.6% | RSI 30/60:+6.9% | Dusuk oynaklik:+6.6% | Bollinger 20/2:+4.6% | Kirilim-GeriCekilme-Toparlanma:+4.2%
2026-10-06 20:16:12,SOL/USDT,MACD,12.96,MACD:+13.0% | RSI 30/60:+12.7% | Dusuk oynaklik:+12.7% | ATR kirilma:+6.2% | MA kesisme 50/200:+5.6%
2026-10-06 20:16:12,ZEC/USDT,MACD,24.52,MACD:+24.5% | Destek/Direnc kirilmasi:+17.5% | ATR kirilma:+15.4% | Dusuk oynaklik:+14.7% | MA kesisme 50/200:+10.2%
2026-10-06 20:16:12,NEAR/USDT,Dusuk oynaklik,124.69,Dusuk oynaklik:+124.7% | Momentum 180:+82.8% | SMA trend 200:+80.8% | SMA trend 100:+76.0% | MACD:+74.2%
2026-10-06 20:16:12,XRP/USDT,RSI 30/60,14.95,RSI 30/60:+15.0% | ATR kirilma:+11.7% | Dusuk oynaklik:+10.5% | Destek/Direnc kirilmasi:+8.8% | Donchian 20/10:+5.5%
2026-10-06 20:16:12,SUI/USDT,Momentum 90,41.73,Momentum 90:+41.7% | Dusuk oynaklik:+41.5% | SMA trend 200:+39.9% | Momentum 180:+37.7% | MA kesisme 20/100:+37.1%
2026-10-06 20:16:12,BNB/USDT,Major Trend Surucusu,5.33,Major Trend Surucusu:+5.3% | RSI 30/60:+4.3% | Destek/Direnc kirilmasi:+4.1% | Order Block:+3.2% | ATR kirilma:+2.6%
2026-10-06 20:16:12,AVAX/USDT,Destek/Direnc kirilmasi,35.0,Destek/Direnc kirilmasi:+35.0% | Momentum 180:+30.2% | Donchian 55/20:+30.0% | Donchian 20/10:+28.5% | SMA trend 200:+27.3%
2026-10-06 20:16:12,ADA/USDT,Dusuk oynaklik,21.03,Dusuk oynaklik:+21.0% | MA kesisme 20/100:+9.1% | Bollinger 20/2:+8.7% | RSI 30/60:+7.9% | Momentum 90:+6.5%
2026-10-06 20:16:12,DOGE/USDT,RSI 30/60,9.46,RSI 30/60:+9.5% | SFP (likidite avi):+4.6% | Major Trend Surucusu:+4.5% | Dusuk oynaklik:+0.9% | Bollinger 20/2:+0.2%
2026-10-06 20:16:12,RLC/USDT,MACD,140.2,MACD:+140.2% | MA kesisme 50/200:+130.8% | Destek/Direnc kirilmasi:+124.2% | ATR kirilma:+118.7% | SMA trend 50:+117.7%
2026-10-06 20:16:12,UNI/USDT,Dusuk oynaklik,20.8,Dusuk oynaklik:+20.8% | Donchian 20/10:+20.0% | Major Trend Surucusu:+17.6% | Bollinger 20/2:+17.5% | MA kesisme 20/100:+13.8%
2026-10-06 20:16:12,QNT/USDT,MA kesisme 50/200,267.78,MA kesisme 50/200:+267.8% | Momentum 180:+257.3% | MA kesisme 20/100:+250.3% | SMA trend 200:+247.5% | SMA trend 100:+234.8%
2026-10-06 20:16:12,HYPE/USDT,RSI 30/60,3.8,RSI 30/60:+3.8% | SFP (likidite avi):+3.2% | SMA trend 200:+2.1% | Kirilim-GeriCekilme-Toparlanma:+2.1% | Order Block:+1.8%
2026-10-06 20:16:12,ENA/USDT,MA kesisme 50/200,48.02,MA kesisme 50/200:+48.0% | SMA trend 200:+38.9% | Donchian 55/20:+32.7% | SMA trend 50:+31.2% | MA kesisme 20/100:+26.1%
2026-10-06 20:16:12,ORCA/USDT,Donchian 20/10,104.98,Donchian 20/10:+105.0% | Destek/Direnc kirilmasi:+94.4% | MA kesisme 20/100:+90.9% | Donchian 55/20:+90.3% | SMA trend 50:+90.1%
2026-10-06 20:16:12,NMR/USDT,Momentum 90,65.91,Momentum 90:+65.9% | MA kesisme 20/100:+64.5% | Destek/Direnc kirilmasi:+63.5% | MA kesisme 50/200:+62.7% | Dusuk oynaklik:+56.2%
2026-10-06 20:16:12,SPCXB/USDT,Dusuk oynaklik,14.39,Dusuk oynaklik:+14.4% | RSI 30/60:+6.9% | MACD:+5.8% | Momentum 180:+5.6% | MA kesisme 50/200:+5.1%
2026-10-06 20:16:12,XAUT/USDT,Kirilim-GeriCekilme-Toparlanma,0.0,Kirilim-GeriCekilme-Toparlanma:+0.0% | Order Block:-0.4% | RSI 30/60:-0.7% | RSI 20/50:-2.5% | MA kesisme 50/200:-2.9%
2026-10-06 20:16:12,WLD/USDT,Destek/Direnc kirilmasi,57.56,Destek/Direnc kirilmasi:+57.6% | SMA trend 50:+46.3% | Dusuk oynaklik:+36.0% | ATR kirilma:+32.0% | Momentum 180:+31.8%
2026-10-06 20:16:12,TAO/USDT,Dusuk oynaklik,29.44,Dusuk oynaklik:+29.4% | Momentum 90:+21.2% | Donchian 55/20:+21.2% | MA kesisme 50/200:+18.5% | MA kesisme 20/100:+17.6%
2026-10-06 20:16:12,PUMP/USDT,Dusuk oynaklik,54.35,Dusuk oynaklik:+54.3% | SMA trend 200:+35.2% | MACD:+34.9% | Fair Value Gap:+34.5% | SMA trend 100:+18.9%
2026-10-06 20:16:12,PEPE/USDT,Dusuk oynaklik,16.24,Dusuk oynaklik:+16.2% | Fair Value Gap:+14.8% | Destek/Direnc kirilmasi:+13.8% | MACD:+8.4% | RSI 30/60:+7.8%
2026-10-06 20:16:12,FIL/USDT,Dusuk oynaklik,50.27,Dusuk oynaklik:+50.3% | ATR kirilma:+46.5% | Destek/Direnc kirilmasi:+45.5% | MACD:+26.4% | Momentum 180:+24.1%
2026-10-06 20:16:12,TRX/USDT,Hacim-Fiyat Uyumsuzlugu,2.42,Hacim-Fiyat Uyumsuzlugu:+2.4% | Tepe/Dip (rejim uyarlanabilir):+1.6% | RSI 30/60:+0.9% | RSI 20/50:+0.6% | Dusuk oynaklik:+0.6%
2026-10-06 20:16:12,AAVE/USDT,MACD,35.53,MACD:+35.5% | Momentum 180:+33.8% | Dusuk oynaklik:+30.0% | ATR kirilma:+25.6% | Donchian 20/10:+23.2%
2026-10-06 20:16:12,API3/USDT,Dusuk oynaklik,33.95,Dusuk oynaklik:+34.0% | SMA trend 100:+27.4% | Momentum 180:+25.0% | Destek/Direnc kirilmasi:+21.6% | MA kesisme 20/100:+20.1%
2026-10-06 20:16:12,ONDO/USDT,Dusuk oynaklik,31.57,Dusuk oynaklik:+31.6% | Momentum 90:+26.4% | Momentum 180:+22.9% | SMA trend 200:+21.1% | SMA trend 100:+19.2%
2026-10-06 20:16:12,ZRO/USDT,SMA trend 200,112.9,SMA trend 200:+112.9% | Dusuk oynaklik:+103.0% | MA kesisme 50/200:+89.9% | Momentum 180:+85.6% | SMA trend 100:+76.5%
2026-10-06 20:16:12,FET/USDT,Destek/Direnc kirilmasi,49.54,Destek/Direnc kirilmasi:+49.5% | Dusuk oynaklik:+43.7% | MACD:+32.7% | SMA trend 100:+29.1% | Momentum 180:+25.3%
2026-10-06 20:16:12,LINK/USDT,Donchian 20/10,18.76,Donchian 20/10:+18.8% | SMA trend 200:+18.6% | Destek/Direnc kirilmasi:+13.9% | SFP (likidite avi):+12.9% | Dusuk oynaklik:+12.9%
2026-10-06 20:16:12,LTC/USDT,MA kesisme 20/100,26.82,MA kesisme 20/100:+26.8% | SMA trend 100:+21.2% | Momentum 90:+18.2% | SMA trend 50:+16.8% | MA kesisme 50/200:+13.7%
2026-10-06 20:16:12,MARSCOIN/USDT,Dusuk oynaklik,11.22,Dusuk oynaklik:+11.2% | ATR kirilma:+3.1% | RSI 20/50:+0.0% | Tepe/Dip (rejim uyarlanabilir):+0.0% | Hacim-Fiyat Uyumsuzlugu:+0.0%
2026-10-06 20:16:12,U/USDT,RSI 20/50,0.0,RSI 20/50:+0.0% | SFP (likidite avi):+0.0% | Dusuk oynaklik:-0.1% | Donchian 55/20:-0.2% | Fair Value Gap:-0.2%
2026-10-06 20:16:12,ARB/USDT,Bollinger 20/2,26.53,Bollinger 20/2:+26.5% | Dusuk oynaklik:+16.3% | MA kesisme 20/100:+10.8% | RSI 20/50:+0.0% | Tepe/Dip (rejim uyarlanabilir):+0.0%
2026-10-06 20:16:12,SNDKB/USDT,Tepe/Dip (rejim uyarlanabilir),4.52,Tepe/Dip (rejim uyarlanabilir):+4.5% | Destek/Direnc kirilmasi:+0.5% | Major Trend Surucusu:+0.0% | Order Block:+0.0% | Donchian 20/10:-0.2%
2026-10-06 20:16:12,RAD/USDT,Destek/Direnc kirilmasi,36.41,Destek/Direnc kirilmasi:+36.4% | Dusuk oynaklik:+33.4% | MA kesisme 50/200:+29.7% | Donchian 20/10:+26.9% | SFP (likidite avi):+26.8%
2026-10-06 20:16:12,ACE/USDT,MA kesisme 50/200,19.75,MA kesisme 50/200:+19.7% | Dusuk oynaklik:+19.4% | RSI 30/60:+9.0% | Momentum 90:+6.3% | MACD:+3.4%
2026-10-06 20:16:12,PENGU/USDT,MA kesisme 50/200,17.53,MA kesisme 50/200:+17.5% | Bollinger 20/2:+17.3% | SMA trend 100:+7.8% | RSI 30/60:+7.1% | Momentum 180:+7.1%
2026-10-07 00:39:18,BTC/USDT,Dusuk oynaklik,6.63,Dusuk oynaklik:+6.6% | MACD:+4.7% | Donchian 20/10:+4.2% | Momentum 180:+4.2% | RSI 30/60:+4.1%
2026-10-07 00:39:18,ETH/USDT,Tepe/Dip (rejim uyarlanabilir),12.63,Tepe/Dip (rejim uyarlanabilir):+12.6% | Dusuk oynaklik:+7.4% | RSI 30/60:+6.9% | Bollinger 20/2:+4.6% | Kirilim-GeriCekilme-Toparlanma:+4.2%
2026-10-07 00:39:18,SOL/USDT,RSI 30/60,12.72,RSI 30/60:+12.7% | Dusuk oynaklik:+12.6% | MACD:+11.6% | Donchian 20/10:+7.4% | ATR kirilma:+7.3%
2026-10-07 00:39:18,ZEC/USDT,MACD,24.41,MACD:+24.4% | Destek/Direnc kirilmasi:+17.4% | ATR kirilma:+15.0% | Dusuk oynaklik:+14.6% | MA kesisme 50/200:+8.9%
2026-10-07 00:39:18,XRP/USDT,RSI 30/60,14.95,RSI 30/60:+15.0% | ATR kirilma:+11.7% | Dusuk oynaklik:+10.5% | Destek/Direnc kirilmasi:+8.8% | MACD:+5.7%
2026-10-07 00:39:18,NEAR/USDT,Dusuk oynaklik,106.84,Dusuk oynaklik:+106.8% | MACD:+72.6% | Momentum 180:+68.7% | SMA trend 200:+66.8% | SMA trend 100:+62.3%
2026-10-07 00:39:18,BNB/USDT,Major Trend Surucusu,5.33,Major Trend Surucusu:+5.3% | RSI 30/60:+4.3% | Destek/Direnc kirilmasi:+4.1% | Order Block:+3.2% | Dusuk oynaklik:+2.6%
2026-10-07 00:39:18,DOGE/USDT,RSI 30/60,9.46,RSI 30/60:+9.5% | SFP (likidite avi):+4.5% | Major Trend Surucusu:+4.5% | Dusuk oynaklik:+2.2% | Momentum 90:+0.5%
2026-10-07 00:39:18,AVAX/USDT,Destek/Direnc kirilmasi,37.21,Destek/Direnc kirilmasi:+37.2% | Donchian 20/10:+31.7% | Momentum 180:+31.3% | Donchian 55/20:+29.7% | SMA trend 200:+29.4%
2026-10-07 00:39:18,SUI/USDT,Momentum 90,40.85,Momentum 90:+40.9% | Dusuk oynaklik:+40.6% | SMA trend 200:+39.1% | Momentum 180:+36.9% | MA kesisme 20/100:+36.3%
2026-10-07 00:39:18,ADA/USDT,Dusuk oynaklik,20.51,Dusuk oynaklik:+20.5% | Bollinger 20/2:+8.7% | MA kesisme 20/100:+8.7% | RSI 30/60:+7.9% | Momentum 90:+6.1%
2026-10-07 00:39:18,UNI/USDT,Donchian 20/10,22.5,Donchian 20/10:+22.5% | Dusuk oynaklik:+21.0% | Major Trend Surucusu:+20.9% | Bollinger 20/2:+16.6% | MA kesisme 20/100:+14.9%
2026-10-07 00:39:18,RLC/USDT,MACD,135.69,MACD:+135.7% | MA kesisme 50/200:+129.9% | Destek/Direnc kirilmasi:+121.7% | ATR kirilma:+118.7% | SMA trend 50:+118.4%
2026-10-07 00:39:18,ORCA/USDT,Destek/Direnc kirilmasi,121.05,Destek/Direnc kirilmasi:+121.1% | MA kesisme 20/100:+117.1% | SMA trend 50:+116.2% | SMA trend 200:+114.4% | Momentum 90:+113.9%
2026-10-07 00:39:18,QNT/USDT,MA kesisme 50/200,275.22,MA kesisme 50/200:+275.2% | MA kesisme 20/100:+265.9% | Momentum 180:+265.2% | SMA trend 200:+256.6% | SMA trend 100:+249.8%
2026-10-07 00:39:18,HYPE/USDT,RSI 30/60,3.8,RSI 30/60:+3.8% | SFP (likidite avi):+3.2% | Kirilim-GeriCekilme-Toparlanma:+2.1% | SMA trend 200:+2.0% | Order Block:+1.8%
2026-10-07 00:39:18,NMR/USDT,Momentum 90,61.2,Momentum 90:+61.2% | MA kesisme 20/100:+58.4% | Destek/Direnc kirilmasi:+58.4% | MA kesisme 50/200:+58.1% | Dusuk oynaklik:+55.7%
2026-10-07 00:39:18,ENA/USDT,MA kesisme 50/200,47.38,MA kesisme 50/200:+47.4% | SMA trend 200:+38.3% | Donchian 55/20:+36.8% | SMA trend 50:+30.6% | MA kesisme 20/100:+26.7%
2026-10-07 00:39:18,SPCXB/USDT,Dusuk oynaklik,13.1,Dusuk oynaklik:+13.1% | RSI 30/60:+6.9% | MACD:+5.2% | Momentum 180:+4.2% | MA kesisme 50/200:+3.8%
2026-10-07 00:39:18,XAUT/USDT,Kirilim-GeriCekilme-Toparlanma,0.08,Kirilim-GeriCekilme-Toparlanma:+0.1% | Order Block:-0.1% | RSI 30/60:-0.7% | RSI 20/50:-2.7% | MA kesisme 50/200:-2.9%
2026-10-07 00:39:18,PUMP/USDT,Dusuk oynaklik,47.95,Dusuk oynaklik:+47.9% | Fair Value Gap:+34.5% | MACD:+32.3% | SMA trend 200:+31.8% | Destek/Direnc kirilmasi:+18.6%
2026-10-07 00:39:18,WLD/USDT,Destek/Direnc kirilmasi,57.56,Destek/Direnc kirilmasi:+57.6% | SMA trend 50:+45.8% | Dusuk oynaklik:+35.0% | ATR kirilma:+31.1% | Momentum 180:+30.9%
2026-10-07 00:39:18,TAO/USDT,Dusuk oynaklik,32.72,Dusuk oynaklik:+32.7% | Momentum 90:+24.3% | MA kesisme 50/200:+21.5% | Donchian 55/20:+21.2% | MA kesisme 20/100:+20.6%
2026-10-07 00:39:18,PEPE/USDT,Dusuk oynaklik,17.43,Dusuk oynaklik:+17.4% | MACD:+15.2% | Fair Value Gap:+14.8% | Destek/Direnc kirilmasi:+14.7% | SMA trend 200:+8.1%
2026-10-07 00:39:18,TRX/USDT,Tepe/Dip (rejim uyarlanabilir),1.69,Tepe/Dip (rejim uyarlanabilir):+1.7% | RSI 30/60:+0.9% | RSI 20/50:+0.6% | Bollinger 20/2:+0.5% | Dusuk oynaklik:+0.2%
2026-10-07 00:39:18,API3/USDT,Dusuk oynaklik,34.98,Dusuk oynaklik:+35.0% | SMA trend 100:+31.1% | Momentum 180:+28.6% | Destek/Direnc kirilmasi:+25.1% | MA kesisme 20/100:+23.6%
2026-10-07 00:39:18,ONDO/USDT,Dusuk oynaklik,30.88,Dusuk oynaklik:+30.9% | Momentum 90:+25.7% | Momentum 180:+23.3% | SMA trend 200:+21.5% | MA kesisme 50/200:+19.0%
2026-10-07 00:39:18,MARSCOIN/USDT,Dusuk oynaklik,5.94,Dusuk oynaklik:+5.9% | RSI 20/50:+0.0% | Tepe/Dip (rejim uyarlanabilir):+0.0% | Hacim-Fiyat Uyumsuzlugu:+0.0% | ATR kirilma:-1.5%
2026-10-07 00:39:18,FET/USDT,Destek/Direnc kirilmasi,49.54,Destek/Direnc kirilmasi:+49.5% | Dusuk oynaklik:+40.1% | MACD:+36.2% | SMA trend 100:+26.0% | Momentum 180:+22.2%
2026-10-07 00:39:18,ZRO/USDT,SMA trend 200,108.58,SMA trend 200:+108.6% | Dusuk oynaklik:+98.9% | MA kesisme 50/200:+86.1% | Momentum 180:+83.6% | SMA trend 100:+72.9%
2026-10-07 00:39:18,LTC/USDT,MA kesisme 20/100,27.09,MA kesisme 20/100:+27.1% | SMA trend 100:+21.5% | Momentum 90:+18.5% | SMA trend 50:+17.1% | MACD:+14.2%
2026-10-07 00:39:18,U/USDT,RSI 20/50,0.0,RSI 20/50:+0.0% | SFP (likidite avi):+0.0% | Dusuk oynaklik:-0.1% | Donchian 55/20:-0.2% | Fair Value Gap:-0.2%
2026-10-07 00:39:18,INJ/USDT,Dusuk oynaklik,51.25,Dusuk oynaklik:+51.2% | Momentum 180:+45.1% | SMA trend 200:+36.3% | Destek/Direnc kirilmasi:+33.3% | MA kesisme 50/200:+32.5%
2026-10-07 00:39:18,LINK/USDT,SMA trend 200,18.74,SMA trend 200:+18.7% | Destek/Direnc kirilmasi:+13.9% | SFP (likidite avi):+12.9% | Dusuk oynaklik:+12.9% | MACD:+12.1%
2026-10-07 00:39:18,AAVE/USDT,MACD,39.41,MACD:+39.4% | Momentum 180:+34.5% | Dusuk oynaklik:+30.7% | Donchian 20/10:+27.2% | ATR kirilma:+25.6%
2026-10-07 00:39:18,FIL/USDT,Dusuk oynaklik,50.98,Dusuk oynaklik:+51.0% | Destek/Direnc kirilmasi:+46.2% | ATR kirilma:+45.2% | MACD:+28.5% | Momentum 180:+24.7%
2026-10-07 00:39:18,SNDKB/USDT,Tepe/Dip (rejim uyarlanabilir),4.38,Tepe/Dip (rejim uyarlanabilir):+4.4% | Destek/Direnc kirilmasi:+0.1% | Order Block:+0.0% | Major Trend Surucusu:-0.5% | Donchian 20/10:-0.6%
2026-10-07 00:39:18,PENGU/USDT,MA kesisme 50/200,16.2,MA kesisme 50/200:+16.2% | Bollinger 20/2:+15.9% | SMA trend 100:+8.1% | RSI 30/60:+7.1% | Momentum 180:+7.1%
2026-10-07 00:39:18,ACE/USDT,Dusuk oynaklik,20.81,Dusuk oynaklik:+20.8% | MA kesisme 50/200:+19.6% | RSI 30/60:+10.4% | Momentum 90:+6.2% | MACD:+5.9%
2026-10-07 00:39:18,TRUMP/USDT,RSI 20/50,0.0,RSI 20/50:+0.0% | Tepe/Dip (rejim uyarlanabilir):+0.0% | Hacim-Fiyat Uyumsuzlugu:-1.4% | RSI 30/60:-1.6% | Order Block:-2.8%
2026-10-07 07:12:18,BTC/USDT,Dusuk oynaklik,5.32,Dusuk oynaklik:+5.3% | MACD:+4.7% | RSI 30/60:+4.1% | Momentum 180:+2.9% | Donchian 20/10:+2.8%
2026-10-07 07:12:18,ETH/USDT,Tepe/Dip (rejim uyarlanabilir),12.63,Tepe/Dip (rejim uyarlanabilir):+12.6% | RSI 30/60:+5.3% | Dusuk oynaklik:+5.0% | Kirilim-GeriCekilme-Toparlanma:+4.2% | Destek/Direnc kirilmasi:+3.3%
2026-10-07 07:12:18,SOL/USDT,RSI 30/60,13.27,RSI 30/60:+13.3% | Dusuk oynaklik:+11.3% | MACD:+9.0% | ATR kirilma:+6.2% | Donchian 20/10:+5.9%
2026-10-07 07:12:18,XRP/USDT,RSI 30/60,14.95,RSI 30/60:+15.0% | ATR kirilma:+11.7% | Dusuk oynaklik:+9.4% | Destek/Direnc kirilmasi:+9.0% | MACD:+5.7%
2026-10-07 07:12:18,ZEC/USDT,MACD,24.41,MACD:+24.4% | ATR kirilma:+19.5% | Destek/Direnc kirilmasi:+13.9% | Dusuk oynaklik:+11.1% | MA kesisme 50/200:+8.9%
2026-10-07 07:12:18,DOGE/USDT,RSI 30/60,8.24,RSI 30/60:+8.2% | Major Trend Surucusu:+5.6% | SFP (likidite avi):+3.7% | RSI 20/50:+1.0% | SMA trend 200:+0.4%
2026-10-07 07:12:18,NEAR/USDT,Dusuk oynaklik,107.79,Dusuk oynaklik:+107.8% | Momentum 180:+70.3% | MACD:+68.6% | SMA trend 200:+63.3% | SMA trend 100:+59.0%
2026-10-07 07:12:18,BNB/USDT,Major Trend Surucusu,4.56,Major Trend Surucusu:+4.6% | Destek/Direnc kirilmasi:+4.1% | RSI 30/60:+3.2% | Order Block:+3.2% | RSI 20/50:+2.6%
2026-10-07 07:12:18,SUI/USDT,SMA trend 200,38.45,SMA trend 200:+38.5% | Momentum 90:+37.2% | MA kesisme 20/100:+36.5% | Dusuk oynaklik:+36.4% | Momentum 180:+36.3%
2026-10-07 07:12:18,ADA/USDT,Dusuk oynaklik,16.74,Dusuk oynaklik:+16.7% | Bollinger 20/2:+7.4% | RSI 30/60:+6.6% | Donchian 20/10:+5.4% | MA kesisme 20/100:+5.3%
2026-10-07 07:12:18,UNI/USDT,Major Trend Surucusu,25.47,Major Trend Surucusu:+25.5% | Donchian 20/10:+22.5% | MACD:+13.6% | Dusuk oynaklik:+12.8% | Fair Value Gap:+12.3%
2026-10-07 07:12:18,AVAX/USDT,Destek/Direnc kirilmasi,35.23,Destek/Direnc kirilmasi:+35.2% | Momentum 180:+31.1% | Donchian 20/10:+28.7% | Dusuk oynaklik:+25.1% | Donchian 55/20:+23.2%
2026-10-07 07:12:18,ORCA/USDT,Donchian 20/10,109.09,Donchian 20/10:+109.1% | Destek/Direnc kirilmasi:+98.3% | MA kesisme 20/100:+94.7% | Donchian 55/20:+94.1% | SMA trend 50:+93.9%
2026-10-07 07:12:18,QNT/USDT,MA kesisme 50/200,273.71,MA kesisme 50/200:+273.7% | MA kesisme 20/100:+248.9% | Momentum 180:+248.2% | SMA trend 200:+242.6% | SMA trend 100:+236.1%
2026-10-07 07:12:18,NMR/USDT,Momentum 90,67.45,Momentum 90:+67.4% | MA kesisme 20/100:+64.6% | MA kesisme 50/200:+64.3% | Destek/Direnc kirilmasi:+63.7% | Dusuk oynaklik:+56.5%
2026-10-07 07:12:18,HYPE/USDT,RSI 30/60,3.8,RSI 30/60:+3.8% | SFP (likidite avi):+3.2% | Kirilim-GeriCekilme-Toparlanma:+2.1% | Order Block:+1.8% | SMA trend 200:+1.2%
2026-10-07 07:12:18,ENA/USDT,MA kesisme 50/200,48.98,MA kesisme 50/200:+49.0% | SMA trend 200:+39.8% | Donchian 55/20:+36.8% | SMA trend 50:+32.1% | MA kesisme 20/100:+28.0%
2026-10-07 07:12:18,RLC/USDT,MACD,140.81,MACD:+140.8% | MA kesisme 50/200:+136.7% | SMA trend 50:+127.1% | SMA trend 200:+122.8% | ATR kirilma:+118.7%
2026-10-07 07:12:18,WLD/USDT,Destek/Direnc kirilmasi,58.87,Destek/Direnc kirilmasi:+58.9% | SMA trend 50:+42.1% | ATR kirilma:+33.5% | Donchian 55/20:+29.0% | Hacim-Fiyat Uyumsuzlugu:+26.3%
2026-10-07 07:12:18,TAO/USDT,Dusuk oynaklik,22.25,Dusuk oynaklik:+22.2% | Donchian 55/20:+17.2% | Momentum 90:+14.5% | RSI 30/60:+13.0% | MA kesisme 20/100:+11.1%
2026-10-07 07:12:18,PUMP/USDT,Dusuk oynaklik,60.87,Dusuk oynaklik:+60.9% | Fair Value Gap:+38.0% | SMA trend 200:+37.4% | MACD:+20.9% | MA kesisme 50/200:+19.2%
2026-10-07 07:12:18,TRX/USDT,Tepe/Dip (rejim uyarlanabilir),2.52,Tepe/Dip (rejim uyarlanabilir):+2.5% | Hacim-Fiyat Uyumsuzlugu:+1.9% | RSI 30/60:+1.1% | RSI 20/50:+0.8% | Bollinger 20/2:+0.6%
2026-10-07 07:12:18,ONDO/USDT,Dusuk oynaklik,25.52,Dusuk oynaklik:+25.5% | Momentum 180:+22.3% | Momentum 90:+21.3% | SMA trend 200:+20.5% | MA kesisme 50/200:+18.0%
2026-10-07 07:12:18,PEPE/USDT,Destek/Direnc kirilmasi,16.44,Destek/Direnc kirilmasi:+16.4% | Fair Value Gap:+14.8% | Dusuk oynaklik:+14.4% | MACD:+14.1% | SMA trend 200:+8.6%
2026-10-07 07:12:18,SPCXB/USDT,Dusuk oynaklik,13.19,Dusuk oynaklik:+13.2% | RSI 30/60:+6.9% | MACD:+5.6% | Momentum 180:+3.6% | MA kesisme 50/200:+3.1%
2026-10-07 07:12:18,INJ/USDT,Dusuk oynaklik,41.1,Dusuk oynaklik:+41.1% | Momentum 180:+34.3% | SMA trend 200:+25.6% | MA kesisme 50/200:+23.7% | Destek/Direnc kirilmasi:+23.5%
2026-10-07 07:12:18,FET/USDT,Destek/Direnc kirilmasi,46.87,Destek/Direnc kirilmasi:+46.9% | MACD:+40.2% | Dusuk oynaklik:+34.1% | SMA trend 100:+23.7% | Donchian 20/10:+19.3%
2026-10-07 07:12:18,TRUMP/USDT,RSI 20/50,0.31,RSI 20/50:+0.3% | Tepe/Dip (rejim uyarlanabilir):+0.0% | Hacim-Fiyat Uyumsuzlugu:-1.4% | Kirilim-GeriCekilme-Toparlanma:-1.9% | RSI 30/60:-2.5%
2026-10-07 07:12:18,XAUT/USDT,Kirilim-GeriCekilme-Toparlanma,0.52,Kirilim-GeriCekilme-Toparlanma:+0.5% | RSI 30/60:-0.0% | Order Block:-0.1% | RSI 20/50:-2.5% | MA kesisme 50/200:-2.8%
2026-10-07 07:12:18,ZRO/USDT,SMA trend 200,101.96,SMA trend 200:+102.0% | Dusuk oynaklik:+92.6% | Momentum 180:+80.6% | MA kesisme 50/200:+80.2% | SMA trend 100:+67.5%
2026-10-07 07:12:18,SAND/USDT,Donchian 20/10,103.83,Donchian 20/10:+103.8% | Destek/Direnc kirilmasi:+98.6% | Momentum 180:+80.4% | Donchian 55/20:+73.0% | MA kesisme 50/200:+67.4%
2026-10-07 07:12:18,AAVE/USDT,MACD,41.13,MACD:+41.1% | Momentum 180:+33.4% | Dusuk oynaklik:+29.7% | ATR kirilma:+28.6% | Donchian 20/10:+27.2%
2026-10-07 07:12:18,LINK/USDT,SMA trend 200,18.14,SMA trend 200:+18.1% | Donchian 20/10:+11.8% | SFP (likidite avi):+11.3% | Dusuk oynaklik:+10.9% | RSI 30/60:+10.2%
2026-10-07 07:12:18,API3/USDT,Dusuk oynaklik,35.75,Dusuk oynaklik:+35.7% | SMA trend 100:+25.6% | Momentum 180:+23.2% | Destek/Direnc kirilmasi:+20.9% | MACD:+18.6%
2026-10-07 07:12:18,MARSCOIN/USDT,Dusuk oynaklik,4.79,Dusuk oynaklik:+4.8% | Bollinger 20/2:+2.9% | RSI 20/50:+0.0% | Tepe/Dip (rejim uyarlanabilir):+0.0% | Hacim-Fiyat Uyumsuzlugu:+0.0%
2026-10-07 07:12:18,LTC/USDT,MA kesisme 20/100,26.22,MA kesisme 20/100:+26.2% | SMA trend 100:+20.6% | Momentum 90:+17.5% | SMA trend 50:+16.3% | Donchian 20/10:+11.9%
2026-10-07 07:12:18,ACE/USDT,Dusuk oynaklik,16.8,Dusuk oynaklik:+16.8% | MA kesisme 50/200:+13.6% | RSI 30/60:+12.4% | MACD:+5.2% | RSI 20/50:+2.3%
2026-10-07 07:12:18,U/USDT,RSI 20/50,0.0,RSI 20/50:+0.0% | SFP (likidite avi):+0.0% | Dusuk oynaklik:-0.1% | Donchian 55/20:-0.2% | RSI 30/60:-0.2%
2026-10-07 07:12:18,PENGU/USDT,MA kesisme 50/200,13.76,MA kesisme 50/200:+13.8% | Bollinger 20/2:+13.6% | SMA trend 100:+8.8% | Momentum 180:+7.1% | RSI 30/60:+6.7%
2026-10-07 07:12:18,XLM/USDT,Dusuk oynaklik,14.75,Dusuk oynaklik:+14.7% | RSI 30/60:+13.4% | Destek/Direnc kirilmasi:+9.8% | Donchian 20/10:+9.5% | SFP (likidite avi):+8.8%
